Unnamed: 0,Department or Unit,Fiscal Year,President,Budget Dollars,Budget Dollars (Inflation Adjusted)
0,Legislative Branch,1962,John F. Kennedy,196000000,"1,629,701,060"
1,Judicial Branch,1962,John F. Kennedy,57000000,"473,943,675"
2,Department of Agriculture,1962,John F. Kennedy,6437000000,"53,522,376,126"
3,Department of Commerce,1962,John F. Kennedy,215000000,"1,787,682,285"
4,Department of Defense--Military Programs,1962,John F. Kennedy,50111000000,"416,663,009,172"
5,Department of Education,1962,John F. Kennedy,816000000,"6,784,877,881"
6,Department of Energy,1962,John F. Kennedy,2755000000,"22,907,277,649"
7,Department of Health and Human Services,1962,John F. Kennedy,3529000000,"29,342,933,874"
8,Department of Homeland Security,1962,John F. Kennedy,566000000,"4,706,177,550"
9,Department of Housing and Urban Development,1962,John F. Kennedy,826000000,"6,868,025,894"
10,Department of the Interior,1962,John F. Kennedy,606000000,"5,038,769,603"
11,Department of Justice,1962,John F. Kennedy,236000000,"1,962,293,113"
12,Department of Labor,1962,John F. Kennedy,3914000000,"32,544,132,384"
13,Department of State,1962,John F. Kennedy,457000000,"3,799,864,205"
14,Department of Transportation,1962,John F. Kennedy,3854000000,"32,045,244,305"
15,Department of the Treasury,1962,John F. Kennedy,8474000000,"70,459,626,424"
16,Department of Veterans Affairs,1962,John F. Kennedy,5608000000,"46,629,405,828"
17,Corps of Engineers--Civil Works,1962,John F. Kennedy,944000000,"7,849,172,450"
18,Other Defense Civil Programs,1962,John F. Kennedy,956000000,"7,948,950,066"
19,Environmental Protection Agency,1962,John F. Kennedy,70000000,"582,036,093"
20,Executive Office of the President,1962,John F. Kennedy,12000000,"99,777,616"
21,General Services Administration,1962,John F. Kennedy,382000000,"3,176,254,106"
22,International Assistance Programs,1962,John F. Kennedy,3171000000,"26,366,235,000"
23,National Aeronautics and Space Administration,1962,John F. Kennedy,1257000000,"10,451,705,265"
24,National Science Foundation,1962,John F. Kennedy,183000000,"1,521,608,642"
25,Office of Personnel Management,1962,John F. Kennedy,1017000000,"8,456,152,947"
26,Small Business Administration,1962,John F. Kennedy,230000000,"1,912,404,305"
27,Social Security Administration,1962,John F. Kennedy,14365000000,"119,442,121,026"
28,Other Independent Agencies,1962,John F. Kennedy,2283000000,"18,982,691,424"
29,Undistributed Offsetting Receipts,1962,John F. Kennedy,-6707000000,"-55,767,372,483"
30,Legislative Branch,1963,John F. Kennedy,192000000,"1,575,573,333"
31,Judicial Branch,1963,John F. Kennedy,62000000,"508,778,889"
32,Department of Agriculture,1963,John F. Kennedy,7414000000,"60,840,107,778"
33,Department of Commerce,1963,John F. Kennedy,354000000,"2,904,963,333"
34,Department of Defense--Military Programs,1963,John F. Kennedy,51147000000,"419,717,965,000"
35,Department of Education,1963,John F. Kennedy,985000000,"8,083,019,444"
36,Department of Energy,1963,John F. Kennedy,2700000000,"22,156,500,000"
37,Department of Health and Human Services,1963,John F. Kennedy,4110000000,"33,727,116,667"
38,Department of Homeland Security,1963,John F. Kennedy,642000000,"5,268,323,333"
39,Department of Housing and Urban Development,1963,John F. Kennedy,-609000000,"-4,997,521,667"
40,Department of the Interior,1963,John F. Kennedy,730000000,"5,990,461,111"
41,Department of Justice,1963,John F. Kennedy,256000000,"2,100,764,444"
42,Department of Labor,1963,John F. Kennedy,3523000000,"28,910,129,444"
43,Department of State,1963,John F. Kennedy,572000000,"4,693,895,556"
44,Department of Transportation,1963,John F. Kennedy,4145000000,"34,014,330,556"
45,Department of the Treasury,1963,John F. Kennedy,9553000000,"78,392,979,444"
46,Department of Veterans Affairs,1963,John F. Kennedy,5501000000,"45,141,817,222"
47,Corps of Engineers--Civil Works,1963,John F. Kennedy,1065000000,"8,739,508,333"
48,Other Defense Civil Programs,1963,John F. Kennedy,1077000000,"8,837,981,667"
49,Environmental Protection Agency,1963,John F. Kennedy,87000000,"713,931,667"
50,Executive Office of the President,1963,John F. Kennedy,13000000,"106,679,444"
51,General Services Administration,1963,John F. Kennedy,425000000,"3,487,597,222"
52,International Assistance Programs,1963,John F. Kennedy,3169000000,"26,005,166,111"
53,National Aeronautics and Space Administration,1963,John F. Kennedy,2552000000,"20,941,995,556"
54,National Science Foundation,1963,John F. Kennedy,206000000,"1,690,458,889"
55,Office of Personnel Management,1963,John F. Kennedy,1175000000,"9,642,180,556"
56,Small Business Administration,1963,John F. Kennedy,142000000,"1,165,267,778"
57,Social Security Administration,1963,John F. Kennedy,15788000000,"129,558,082,222"
58,Other Independent Agencies,1963,John F. Kennedy,1615000000,"13,252,869,444"
59,Undistributed Offsetting Receipts,1963,John F. Kennedy,-7274000000,"-59,691,252,222"
60,Legislative Branch,1964,John F. Kennedy,199000000,"1,611,944,935"
61,Judicial Branch,1964,John F. Kennedy,66000000,"534,614,903"
62,Department of Agriculture,1964,John F. Kennedy,7569000000,"61,310,609,129"
63,Department of Commerce,1964,John F. Kennedy,702000000,"5,686,358,516"
64,Department of Defense--Military Programs,1964,John F. Kennedy,52585000000,"425,950,374,032"
65,Department of Education,1964,John F. Kennedy,973000000,"7,881,519,710"
66,Department of Energy,1964,John F. Kennedy,2726000000,"22,081,215,548"
67,Department of Health and Human Services,1964,John F. Kennedy,4610000000,"37,342,040,968"
68,Department of Homeland Security,1964,John F. Kennedy,747000000,"6,050,868,677"
69,Department of Housing and Urban Development,1964,John F. Kennedy,73000000,"591,316,484"
70,Department of the Interior,1964,John F. Kennedy,755000000,"6,115,670,484"
71,Department of Justice,1964,John F. Kennedy,275000000,"2,227,562,097"
72,Department of Labor,1964,John F. Kennedy,3454000000,"27,978,179,935"
73,Department of State,1964,John F. Kennedy,455000000,"3,685,602,742"
74,Department of Transportation,1964,John F. Kennedy,4736000000,"38,362,669,419"
75,Department of the Treasury,1964,John F. Kennedy,10289000000,"83,343,223,323"
76,Department of Veterans Affairs,1964,John F. Kennedy,5662000000,"45,863,478,516"
77,Corps of Engineers--Civil Works,1964,John F. Kennedy,1091000000,"8,837,346,355"
78,Other Defense Civil Programs,1964,John F. Kennedy,1287000000,"10,424,990,613"
79,Environmental Protection Agency,1964,John F. Kennedy,117000000,"947,726,419"
80,Executive Office of the President,1964,John F. Kennedy,15000000,"121,503,387"
81,General Services Administration,1964,John F. Kennedy,520000000,"4,212,117,419"
82,International Assistance Programs,1964,John F. Kennedy,3226000000,"26,131,328,452"
83,National Aeronautics and Space Administration,1964,John F. Kennedy,4171000000,"33,786,041,839"
84,National Science Foundation,1964,John F. Kennedy,310000000,"2,511,070,000"
85,Office of Personnel Management,1964,John F. Kennedy,1304000000,"10,562,694,452"
86,Small Business Administration,1964,John F. Kennedy,133000000,"1,077,330,032"
87,Social Security Administration,1964,John F. Kennedy,16620000000,"134,625,752,903"
88,Other Independent Agencies,1964,John F. Kennedy,1178000000,"9,542,066,000"
89,Undistributed Offsetting Receipts,1964,John F. Kennedy,-7321000000,"-59,301,753,129"
90,Legislative Branch,1965,Lyndon B. Johnson,212000000,"1,689,989,968"
91,Judicial Branch,1965,Lyndon B. Johnson,75000000,"597,873,810"
92,Department of Agriculture,1965,Lyndon B. Johnson,6940000000,"55,323,256,508"
93,Department of Commerce,1965,Lyndon B. Johnson,736000000,"5,867,134,984"
94,Department of Defense--Military Programs,1965,Lyndon B. Johnson,48780000000,"388,857,125,714"
95,Department of Education,1965,Lyndon B. Johnson,1152000000,"9,183,341,714"
96,Department of Energy,1965,Lyndon B. Johnson,2579000000,"20,558,887,397"
97,Department of Health and Human Services,1965,Lyndon B. Johnson,4700000000,"37,466,758,730"
98,Department of Homeland Security,1965,Lyndon B. Johnson,774000000,"6,170,057,714"
99,Department of Housing and Urban Development,1965,Lyndon B. Johnson,492000000,"3,922,052,190"
100,Department of the Interior,1965,Lyndon B. Johnson,745000000,"5,938,879,841"
101,Department of Justice,1965,Lyndon B. Johnson,327000000,"2,606,729,810"
102,Department of Labor,1965,Lyndon B. Johnson,3121000000,"24,879,522,127"
103,Department of State,1965,Lyndon B. Johnson,552000000,"4,400,351,238"
104,Department of Transportation,1965,Lyndon B. Johnson,5201000000,"41,460,555,778"
105,Department of the Treasury,1965,Lyndon B. Johnson,10791000000,"86,022,083,714"
106,Department of Veterans Affairs,1965,Lyndon B. Johnson,5710000000,"45,518,126,032"
107,Corps of Engineers--Civil Works,1965,Lyndon B. Johnson,1171000000,"9,334,803,079"
108,Other Defense Civil Programs,1965,Lyndon B. Johnson,1465000000,"11,678,468,413"
109,Environmental Protection Agency,1965,Lyndon B. Johnson,134000000,"1,068,201,206"
110,Executive Office of the President,1965,Lyndon B. Johnson,16000000,"127,546,413"
111,General Services Administration,1965,Lyndon B. Johnson,612000000,"4,878,650,286"
112,International Assistance Programs,1965,Lyndon B. Johnson,3248000000,"25,891,921,778"
113,National Aeronautics and Space Administration,1965,Lyndon B. Johnson,5092000000,"40,591,645,841"
114,National Science Foundation,1965,Lyndon B. Johnson,309000000,"2,463,240,095"
115,Office of Personnel Management,1965,Lyndon B. Johnson,1454000000,"11,590,780,254"
116,Small Business Administration,1965,Lyndon B. Johnson,243000000,"1,937,111,143"
117,Social Security Administration,1965,Lyndon B. Johnson,17460000000,"139,185,022,857"
118,Other Independent Agencies,1965,Lyndon B. Johnson,1815000000,"14,468,546,190"
119,Undistributed Offsetting Receipts,1965,Lyndon B. Johnson,-7677000000,"-61,198,363,143"
120,Legislative Branch,1966,Lyndon B. Johnson,234000000,"1,813,550,556"
121,Judicial Branch,1966,Lyndon B. Johnson,80000000,"620,017,284"
122,Department of Agriculture,1966,Lyndon B. Johnson,5633000000,"43,656,967,006"
123,Department of Commerce,1966,Lyndon B. Johnson,485000000,"3,758,854,784"
124,Department of Defense--Military Programs,1966,Lyndon B. Johnson,56629000000,"438,886,984,660"
125,Department of Education,1966,Lyndon B. Johnson,2416000000,"18,724,521,975"
126,Department of Energy,1966,Lyndon B. Johnson,2343000000,"18,158,756,204"
127,Department of Health and Human Services,1966,Lyndon B. Johnson,5715000000,"44,292,484,722"
128,Department of Homeland Security,1966,Lyndon B. Johnson,705000000,"5,463,902,315"
129,Department of Housing and Urban Development,1966,Lyndon B. Johnson,2482000000,"19,236,036,235"
130,Department of the Interior,1966,Lyndon B. Johnson,866000000,"6,711,687,099"
131,Department of Justice,1966,Lyndon B. Johnson,305000000,"2,363,815,895"
132,Department of Labor,1966,Lyndon B. Johnson,3239000000,"25,102,949,784"
133,Department of State,1966,Lyndon B. Johnson,629000000,"4,874,885,895"
134,Department of Transportation,1966,Lyndon B. Johnson,5145000000,"39,874,861,574"
135,Department of the Treasury,1966,Lyndon B. Johnson,11761000000,"91,150,290,957"
136,Department of Veterans Affairs,1966,Lyndon B. Johnson,5962000000,"46,206,788,086"
137,Corps of Engineers--Civil Works,1966,Lyndon B. Johnson,1245000000,"9,649,018,981"
138,Other Defense Civil Programs,1966,Lyndon B. Johnson,1681000000,"13,028,113,179"
139,Environmental Protection Agency,1966,Lyndon B. Johnson,158000000,"1,224,534,136"
140,Executive Office of the President,1966,Lyndon B. Johnson,16000000,"124,003,457"
141,General Services Administration,1966,Lyndon B. Johnson,561000000,"4,347,871,204"
142,International Assistance Programs,1966,Lyndon B. Johnson,3260000000,"25,265,704,321"
143,National Aeronautics and Space Administration,1966,Lyndon B. Johnson,5933000000,"45,982,031,821"
144,National Science Foundation,1966,Lyndon B. Johnson,368000000,"2,852,079,506"
145,Office of Personnel Management,1966,Lyndon B. Johnson,1726000000,"13,376,872,901"
146,Small Business Administration,1966,Lyndon B. Johnson,210000000,"1,627,545,370"
147,Social Security Administration,1966,Lyndon B. Johnson,20694000000,"160,382,970,926"
148,Other Independent Agencies,1966,Lyndon B. Johnson,2494000000,"19,329,038,827"
149,Undistributed Offsetting Receipts,1966,Lyndon B. Johnson,-8443000000,"-65,435,074,105"
150,Legislative Branch,1967,Lyndon B. Johnson,252000000,"1,894,579,760"
151,Judicial Branch,1967,Lyndon B. Johnson,88000000,"661,599,281"
152,Department of Agriculture,1967,Lyndon B. Johnson,5952000000,"44,748,169,581"
153,Department of Commerce,1967,Lyndon B. Johnson,477000000,"3,586,168,832"
154,Department of Defense--Military Programs,1967,Lyndon B. Johnson,70069000000,"526,790,909,671"
155,Department of Education,1967,Lyndon B. Johnson,3596000000,"27,035,352,455"
156,Department of Energy,1967,Lyndon B. Johnson,2253000000,"16,938,445,240"
157,Department of Health and Human Services,1967,Lyndon B. Johnson,9639000000,"72,467,675,838"
158,Department of Homeland Security,1967,Lyndon B. Johnson,782000000,"5,879,211,796"
159,Department of Housing and Urban Development,1967,Lyndon B. Johnson,3093000000,"23,253,711,108"
160,Department of the Interior,1967,Lyndon B. Johnson,863000000,"6,488,183,862"
161,Department of Justice,1967,Lyndon B. Johnson,336000000,"2,526,106,347"
162,Department of Labor,1967,Lyndon B. Johnson,3562000000,"26,779,734,551"
163,Department of State,1967,Lyndon B. Johnson,655000000,"4,924,403,743"
164,Department of Transportation,1967,Lyndon B. Johnson,5242000000,"39,410,266,287"
165,Department of the Treasury,1967,Lyndon B. Johnson,12737000000,"95,758,977,814"
166,Department of Veterans Affairs,1967,Lyndon B. Johnson,6691000000,"50,304,099,910"
167,Corps of Engineers--Civil Works,1967,Lyndon B. Johnson,1273000000,"9,570,635,060"
168,Other Defense Civil Programs,1967,Lyndon B. Johnson,1937000000,"14,562,702,365"
169,Environmental Protection Agency,1967,Lyndon B. Johnson,190000000,"1,428,452,994"
170,Executive Office of the President,1967,Lyndon B. Johnson,19000000,"142,845,299"
171,General Services Administration,1967,Lyndon B. Johnson,629000000,"4,728,931,228"
172,International Assistance Programs,1967,Lyndon B. Johnson,3375000000,"25,373,836,078"
173,National Aeronautics and Space Administration,1967,Lyndon B. Johnson,5425000000,"40,786,092,066"
174,National Science Foundation,1967,Lyndon B. Johnson,415000000,"3,120,042,066"
175,Office of Personnel Management,1967,Lyndon B. Johnson,1934000000,"14,540,147,844"
176,Small Business Administration,1967,Lyndon B. Johnson,151000000,"1,135,244,222"
177,Social Security Administration,1967,Lyndon B. Johnson,21725000000,"163,332,322,605"
178,Other Independent Agencies,1967,Lyndon B. Johnson,3683000000,"27,689,433,563"
179,Undistributed Offsetting Receipts,1967,Lyndon B. Johnson,-9578000000,"-72,009,067,246"
180,Legislative Branch,1968,Lyndon B. Johnson,269000000,"1,941,028,247"
181,Judicial Branch,1968,Lyndon B. Johnson,94000000,"678,277,529"
182,Department of Agriculture,1968,Lyndon B. Johnson,7430000000,"53,612,787,644"
183,Department of Commerce,1968,Lyndon B. Johnson,582000000,"4,199,548,103"
184,Department of Defense--Military Programs,1968,Lyndon B. Johnson,80355000000,"579,819,051,293"
185,Department of Education,1968,Lyndon B. Johnson,4072000000,"29,382,405,287"
186,Department of Energy,1968,Lyndon B. Johnson,2474000000,"17,851,687,299"
187,Department of Health and Human Services,1968,Lyndon B. Johnson,13074000000,"94,338,302,241"
188,Department of Homeland Security,1968,Lyndon B. Johnson,973000000,"7,020,893,994"
189,Department of Housing and Urban Development,1968,Lyndon B. Johnson,3727000000,"26,892,982,443"
190,Department of the Interior,1968,Lyndon B. Johnson,973000000,"7,020,893,994"
191,Department of Justice,1968,Lyndon B. Johnson,359000000,"2,590,442,902"
192,Department of Labor,1968,Lyndon B. Johnson,4180000000,"30,161,702,874"
193,Department of State,1968,Lyndon B. Johnson,645000000,"4,654,138,362"
194,Department of Transportation,1968,Lyndon B. Johnson,5555000000,"40,083,315,661"
195,Department of the Treasury,1968,Lyndon B. Johnson,14290000000,"103,112,615,805"
196,Department of Veterans Affairs,1968,Lyndon B. Johnson,7018000000,"50,639,911,667"
197,Corps of Engineers--Civil Works,1968,Lyndon B. Johnson,1252000000,"9,034,079,425"
198,Other Defense Civil Programs,1968,Lyndon B. Johnson,2206000000,"15,917,874,770"
199,Environmental Protection Agency,1968,Lyndon B. Johnson,249000000,"1,796,713,879"
200,Executive Office of the President,1968,Lyndon B. Johnson,21000000,"151,530,086"
201,General Services Administration,1968,Lyndon B. Johnson,482000000,"3,477,976,264"
202,International Assistance Programs,1968,Lyndon B. Johnson,2814000000,"20,305,031,552"
203,National Aeronautics and Space Administration,1968,Lyndon B. Johnson,4722000000,"34,072,622,241"
204,National Science Foundation,1968,Lyndon B. Johnson,449000000,"3,239,857,557"
205,Office of Personnel Management,1968,Lyndon B. Johnson,2154000000,"15,542,657,414"
206,Small Business Administration,1968,Lyndon B. Johnson,284000000,"2,049,264,023"
207,Social Security Administration,1968,Lyndon B. Johnson,23854000000,"172,123,746,494"
208,Other Independent Agencies,1968,Lyndon B. Johnson,4290000000,"30,955,431,897"
209,Undistributed Offsetting Receipts,1968,Lyndon B. Johnson,-10712000000,"-77,294,775,402"
210,Legislative Branch,1969,Lyndon B. Johnson,289000000,"1,977,382,098"
211,Judicial Branch,1969,Lyndon B. Johnson,110000000,"752,636,785"
212,Department of Agriculture,1969,Lyndon B. Johnson,8446000000,"57,788,820,763"
213,Department of Commerce,1969,Lyndon B. Johnson,607000000,"4,153,186,621"
214,Department of Defense--Military Programs,1969,Lyndon B. Johnson,80771000000,"552,647,506,730"
215,Department of Education,1969,Lyndon B. Johnson,3990000000,"27,300,188,828"
216,Department of Energy,1969,Lyndon B. Johnson,2393000000,"16,373,271,144"
217,Department of Health and Human Services,1969,Lyndon B. Johnson,15411000000,"105,444,413,542"
218,Department of Homeland Security,1969,Lyndon B. Johnson,1055000000,"7,218,470,981"
219,Department of Housing and Urban Development,1969,Lyndon B. Johnson,713000000,"4,878,454,796"
220,Department of the Interior,1969,Lyndon B. Johnson,1073000000,"7,341,629,728"
221,Department of Justice,1969,Lyndon B. Johnson,423000000,"2,894,230,545"
222,Department of Labor,1969,Lyndon B. Johnson,4161000000,"28,470,196,921"
223,Department of State,1969,Lyndon B. Johnson,631000000,"4,317,398,283"
224,Department of Transportation,1969,Lyndon B. Johnson,5724000000,"39,164,481,417"
225,Department of the Treasury,1969,Lyndon B. Johnson,16473000000,"112,710,779,591"
226,Department of Veterans Affairs,1969,Lyndon B. Johnson,7670000000,"52,479,310,354"
227,Corps of Engineers--Civil Works,1969,Lyndon B. Johnson,1222000000,"8,361,110,463"
228,Other Defense Civil Programs,1969,Lyndon B. Johnson,2557000000,"17,495,384,169"
229,Environmental Protection Agency,1969,Lyndon B. Johnson,303000000,"2,073,172,234"
230,Executive Office of the President,1969,Lyndon B. Johnson,24000000,"164,211,662"
231,General Services Administration,1969,Lyndon B. Johnson,526000000,"3,598,972,262"
232,International Assistance Programs,1969,Lyndon B. Johnson,2803000000,"19,178,553,706"
233,National Aeronautics and Space Administration,1969,Lyndon B. Johnson,4251000000,"29,085,990,654"
234,National Science Foundation,1969,Lyndon B. Johnson,490000000,"3,352,654,768"
235,Office of Personnel Management,1969,Lyndon B. Johnson,2284000000,"15,627,476,512"
236,Small Business Administration,1969,Lyndon B. Johnson,110000000,"752,636,785"
237,Social Security Administration,1969,Lyndon B. Johnson,27299000000,"186,783,923,515"
238,Other Independent Agencies,1969,Lyndon B. Johnson,2918000000,"19,965,401,253"
239,Undistributed Offsetting Receipts,1969,Lyndon B. Johnson,-11087000000,"-75,858,945,749"
240,Legislative Branch,1970,Richard Nixon,353000000,"2,284,555,954"
241,Judicial Branch,1970,Richard Nixon,133000000,"860,753,376"
242,Department of Agriculture,1970,Richard Nixon,8412000000,"54,441,033,093"
243,Department of Commerce,1970,Richard Nixon,778000000,"5,035,083,660"
244,Department of Defense--Military Programs,1970,Richard Nixon,80123000000,"518,542,426,830"
245,Department of Education,1970,Richard Nixon,4594000000,"29,731,586,546"
246,Department of Energy,1970,Richard Nixon,2393000000,"15,487,088,943"
247,Department of Health and Human Services,1970,Richard Nixon,17397000000,"112,590,424,716"
248,Department of Homeland Security,1970,Richard Nixon,1089000000,"7,047,822,758"
249,Department of Housing and Urban Development,1970,Richard Nixon,2432000000,"15,739,490,309"
250,Department of the Interior,1970,Richard Nixon,1087000000,"7,034,879,098"
251,Department of Justice,1970,Richard Nixon,537000000,"3,475,372,655"
252,Department of Labor,1970,Richard Nixon,4976000000,"32,203,825,567"
253,Department of State,1970,Richard Nixon,661000000,"4,277,879,562"
254,Department of Transportation,1970,Richard Nixon,6136000000,"39,711,148,247"
255,Department of the Treasury,1970,Richard Nixon,19070000000,"123,417,796,134"
256,Department of Veterans Affairs,1970,Richard Nixon,8652000000,"55,994,272,268"
257,Corps of Engineers--Civil Works,1970,Richard Nixon,1168000000,"7,559,097,320"
258,Other Defense Civil Programs,1970,Richard Nixon,2974000000,"19,247,222,113"
259,Environmental Protection Agency,1970,Richard Nixon,384000000,"2,485,182,680"
260,Executive Office of the President,1970,Richard Nixon,29000000,"187,683,067"
261,General Services Administration,1970,Richard Nixon,530000000,"3,430,069,845"
262,International Assistance Programs,1970,Richard Nixon,2655000000,"17,182,708,376"
263,National Aeronautics and Space Administration,1970,Richard Nixon,3752000000,"24,282,305,773"
264,National Science Foundation,1970,Richard Nixon,464000000,"3,002,929,072"
265,Office of Personnel Management,1970,Richard Nixon,2652000000,"17,163,292,887"
266,Small Business Administration,1970,Richard Nixon,253000000,"1,637,372,964"
267,Social Security Administration,1970,Richard Nixon,30270000000,"195,902,290,979"
268,Other Independent Agencies,1970,Richard Nixon,4263000000,"27,589,410,851"
269,Undistributed Offsetting Receipts,1970,Richard Nixon,-12567000000,"-81,331,486,314"
270,Legislative Branch,1971,Richard Nixon,395000000,"2,449,068,272"
271,Judicial Branch,1971,Richard Nixon,145000000,"899,025,062"
272,Department of Agriculture,1971,Richard Nixon,8673000000,"53,774,099,037"
273,Department of Commerce,1971,Richard Nixon,783000000,"4,854,735,333"
274,Department of Defense--Military Programs,1971,Richard Nixon,77497000000,"480,494,794,543"
275,Department of Education,1971,Richard Nixon,5099000000,"31,614,681,309"
276,Department of Energy,1971,Richard Nixon,2200000000,"13,640,380,247"
277,Department of Health and Human Services,1971,Richard Nixon,20391000000,"126,427,724,370"
278,Department of Homeland Security,1971,Richard Nixon,1011000000,"6,268,374,741"
279,Department of Housing and Urban Development,1971,Richard Nixon,2796000000,"17,335,683,259"
280,Department of the Interior,1971,Richard Nixon,1345000000,"8,339,232,469"
281,Department of Justice,1971,Richard Nixon,801000000,"4,966,338,444"
282,Department of Labor,1971,Richard Nixon,8456000000,"52,428,661,531"
283,Department of State,1971,Richard Nixon,680000000,"4,216,117,531"
284,Department of Transportation,1971,Richard Nixon,7039000000,"43,643,016,617"
285,Department of the Treasury,1971,Richard Nixon,20452000000,"126,805,934,914"
286,Department of Veterans Affairs,1971,Richard Nixon,9758000000,"60,501,286,568"
287,Corps of Engineers--Civil Works,1971,Richard Nixon,1337000000,"8,289,631,086"
288,Other Defense Civil Programs,1971,Richard Nixon,3510000000,"21,762,606,667"
289,Environmental Protection Agency,1971,Richard Nixon,701000000,"4,346,321,160"
290,Executive Office of the President,1971,Richard Nixon,38000000,"235,606,568"
291,General Services Administration,1971,Richard Nixon,546000000,"3,385,294,370"
292,International Assistance Programs,1971,Richard Nixon,2888000000,"17,906,099,160"
293,National Aeronautics and Space Administration,1971,Richard Nixon,3382000000,"20,968,984,543"
294,National Science Foundation,1971,Richard Nixon,522000000,"3,236,490,222"
295,Office of Personnel Management,1971,Richard Nixon,3167000000,"19,635,947,383"
296,Small Business Administration,1971,Richard Nixon,333000000,"2,064,657,556"
297,Social Security Administration,1971,Richard Nixon,35873000000,"222,418,800,272"
298,Other Independent Agencies,1971,Richard Nixon,5223000000,"32,383,502,741"
299,Undistributed Offsetting Receipts,1971,Richard Nixon,-14869000000,"-92,190,369,951"
300,Legislative Branch,1972,Richard Nixon,499000000,"2,997,664,904"
301,Judicial Branch,1972,Richard Nixon,173000000,"1,039,270,598"
302,Department of Agriculture,1972,Richard Nixon,11021000000,"66,206,943,708"
303,Department of Commerce,1972,Richard Nixon,850000000,"5,106,242,823"
304,Department of Defense--Military Programs,1972,Richard Nixon,77645000000,"466,440,263,517"
305,Department of Education,1972,Richard Nixon,5537000000,"33,262,666,483"
306,Department of Energy,1972,Richard Nixon,2299000000,"13,810,885,000"
307,Department of Health and Human Services,1972,Richard Nixon,25309000000,"152,039,881,890"
308,Department of Homeland Security,1972,Richard Nixon,1340000000,"8,049,841,627"
309,Department of Housing and Urban Development,1972,Richard Nixon,3600000000,"21,626,440,191"
310,Department of the Interior,1972,Richard Nixon,1609000000,"9,665,817,297"
311,Department of Justice,1972,Richard Nixon,1053000000,"6,325,733,756"
312,Department of Labor,1972,Richard Nixon,10426000000,"62,632,573,732"
313,Department of State,1972,Richard Nixon,747000000,"4,487,486,340"
314,Department of Transportation,1972,Richard Nixon,7244000000,"43,517,203,541"
315,Department of the Treasury,1972,Richard Nixon,21539000000,"129,392,193,134"
316,Department of Veterans Affairs,1972,Richard Nixon,10713000000,"64,356,681,603"
317,Corps of Engineers--Civil Works,1972,Richard Nixon,1490000000,"8,950,943,301"
318,Other Defense Civil Programs,1972,Richard Nixon,4002000000,"24,041,392,679"
319,Environmental Protection Agency,1972,Richard Nixon,763000000,"4,583,603,852"
320,Executive Office of the President,1972,Richard Nixon,47000000,"282,345,191"
321,General Services Administration,1972,Richard Nixon,655000000,"3,934,810,646"
322,International Assistance Programs,1972,Richard Nixon,2980000000,"17,901,886,603"
323,National Aeronautics and Space Administration,1972,Richard Nixon,3423000000,"20,563,140,215"
324,National Science Foundation,1972,Richard Nixon,567000000,"3,406,164,330"
325,Office of Personnel Management,1972,Richard Nixon,3776000000,"22,683,732,823"
326,Small Business Administration,1972,Richard Nixon,452000000,"2,715,319,713"
327,Social Security Administration,1972,Richard Nixon,40158000000,"241,242,940,335"
328,Other Independent Agencies,1972,Richard Nixon,5437000000,"32,661,932,033"
329,Undistributed Offsetting Receipts,1972,Richard Nixon,-14672000000,"-88,139,758,469"
330,Legislative Branch,1973,Richard Nixon,553000000,"3,127,526,374"
331,Judicial Branch,1973,Richard Nixon,188000000,"1,063,245,856"
332,Department of Agriculture,1973,Richard Nixon,10167000000,"57,500,109,662"
333,Department of Commerce,1973,Richard Nixon,934000000,"5,282,295,901"
334,Department of Defense--Military Programs,1973,Richard Nixon,75033000000,"424,353,863,311"
335,Department of Education,1973,Richard Nixon,5709000000,"32,287,609,527"
336,Department of Energy,1973,Richard Nixon,2304000000,"13,030,417,297"
337,Department of Health and Human Services,1973,Richard Nixon,25578000000,"144,657,992,027"
338,Department of Homeland Security,1973,Richard Nixon,1833000000,"10,366,647,095"
339,Department of Housing and Urban Development,1973,Richard Nixon,3580000000,"20,246,915,766"
340,Department of the Interior,1973,Richard Nixon,1780000000,"10,066,902,252"
341,Department of Justice,1973,Richard Nixon,1460000000,"8,257,122,072"
342,Department of Labor,1973,Richard Nixon,9561000000,"54,072,838,446"
343,Department of State,1973,Richard Nixon,807000000,"4,564,039,392"
344,Department of Transportation,1973,Richard Nixon,7834000000,"44,305,681,036"
345,Department of the Treasury,1973,Richard Nixon,30201000000,"170,803,660,068"
346,Department of Veterans Affairs,1973,Richard Nixon,11970000000,"67,697,089,865"
347,Corps of Engineers--Civil Works,1973,Richard Nixon,1676000000,"9,478,723,694"
348,Other Defense Civil Programs,1973,Richard Nixon,4505000000,"25,478,311,599"
349,Environmental Protection Agency,1973,Richard Nixon,1114000000,"6,300,297,252"
350,Executive Office of the President,1973,Richard Nixon,50000000,"282,778,153"
351,General Services Administration,1973,Richard Nixon,795000000,"4,496,172,635"
352,International Assistance Programs,1973,Richard Nixon,2317000000,"13,103,939,617"
353,National Aeronautics and Space Administration,1973,Richard Nixon,3312000000,"18,731,224,865"
354,National Science Foundation,1973,Richard Nixon,585000000,"3,308,504,392"
355,Office of Personnel Management,1973,Richard Nixon,4607000000,"26,055,179,032"
356,Small Business Administration,1973,Richard Nixon,1317000000,"7,448,376,554"
357,Social Security Administration,1973,Richard Nixon,49132000000,"277,869,124,414"
358,Other Independent Agencies,1973,Richard Nixon,5654000000,"31,976,553,559"
359,Undistributed Offsetting Receipts,1973,Richard Nixon,-18846000000,"-106,584,741,486"
360,Legislative Branch,1974,Richard Nixon,638000000,"3,249,620,000"
361,Judicial Branch,1974,Richard Nixon,207000000,"1,054,343,793"
362,Department of Agriculture,1974,Richard Nixon,10302000000,"52,472,704,138"
363,Department of Commerce,1974,Richard Nixon,992000000,"5,052,700,690"
364,Department of Defense--Military Programs,1974,Richard Nixon,77864000000,"396,596,256,552"
365,Department of Education,1974,Richard Nixon,5747000000,"29,272,047,241"
366,Department of Energy,1974,Richard Nixon,2233000000,"11,373,670,000"
367,Department of Health and Human Services,1974,Richard Nixon,28062000000,"142,932,345,517"
368,Department of Homeland Security,1974,Richard Nixon,1661000000,"8,460,217,586"
369,Department of Housing and Urban Development,1974,Richard Nixon,4781000000,"24,351,776,207"
370,Department of the Interior,1974,Richard Nixon,1854000000,"9,443,253,103"
371,Department of Justice,1974,Richard Nixon,1728000000,"8,801,478,621"
372,Department of Labor,1974,Richard Nixon,9964000000,"50,751,118,621"
373,Department of State,1974,Richard Nixon,955000000,"4,864,243,103"
374,Department of Transportation,1974,Richard Nixon,7724000000,"39,341,794,483"
375,Department of the Treasury,1974,Richard Nixon,35369000000,"180,150,172,069"
376,Department of Veterans Affairs,1974,Richard Nixon,13339000000,"67,941,506,552"
377,Corps of Engineers--Civil Works,1974,Richard Nixon,1664000000,"8,475,497,931"
378,Other Defense Civil Programs,1974,Richard Nixon,5216000000,"26,567,426,207"
379,Environmental Protection Agency,1974,Richard Nixon,2030000000,"10,339,700,000"
380,Executive Office of the President,1974,Richard Nixon,67000000,"341,261,034"
381,General Services Administration,1974,Richard Nixon,929000000,"4,731,813,448"
382,International Assistance Programs,1974,Richard Nixon,3029000000,"15,428,054,828"
383,National Aeronautics and Space Administration,1974,Richard Nixon,3255000000,"16,579,174,138"
384,National Science Foundation,1974,Richard Nixon,647000000,"3,295,461,034"
385,Office of Personnel Management,1974,Richard Nixon,5708000000,"29,073,402,759"
386,Small Business Administration,1974,Richard Nixon,753000000,"3,835,366,552"
387,Social Security Administration,1974,Richard Nixon,58123000000,"296,046,494,138"
388,Other Independent Agencies,1974,Richard Nixon,7849000000,"39,978,475,517"
389,Undistributed Offsetting Receipts,1974,Richard Nixon,-23333000000,"-118,845,428,621"
390,Legislative Branch,1975,Gerald Ford,739000000,"3,449,220,688"
391,Judicial Branch,1975,Gerald Ford,284000000,"1,325,546,245"
392,Department of Agriculture,1975,Gerald Ford,15518000000,"72,428,967,026"
393,Department of Commerce,1975,Gerald Ford,1077000000,"5,026,807,416"
394,Department of Defense--Military Programs,1975,Gerald Ford,84852000000,"396,039,612,714"
395,Department of Education,1975,Gerald Ford,7331000000,"34,216,829,312"
396,Department of Energy,1975,Gerald Ford,3230000000,"15,075,754,833"
397,Department of Health and Human Services,1975,Gerald Ford,33751000000,"157,529,969,461"
398,Department of Homeland Security,1975,Gerald Ford,2099000000,"9,796,906,933"
399,Department of Housing and Urban Development,1975,Gerald Ford,7512000000,"35,061,631,673"
400,Department of the Interior,1975,Gerald Ford,2221000000,"10,366,331,729"
401,Department of Justice,1975,Gerald Ford,1985000000,"9,264,821,468"
402,Department of Labor,1975,Gerald Ford,18578000000,"86,711,261,078"
403,Department of State,1975,Gerald Ford,1075000000,"5,017,472,584"
404,Department of Transportation,1975,Gerald Ford,9144000000,"42,678,855,167"
405,Department of the Treasury,1975,Gerald Ford,41843000000,"195,298,702,621"
406,Department of Veterans Affairs,1975,Gerald Ford,16577000000,"77,371,760,948"
407,Corps of Engineers--Civil Works,1975,Gerald Ford,2031000000,"9,479,522,621"
408,Other Defense Civil Programs,1975,Gerald Ford,6319000000,"29,493,403,959"
409,Environmental Protection Agency,1975,Gerald Ford,2531000000,"11,813,230,799"
410,Executive Office of the President,1975,Gerald Ford,93000000,"434,069,721"
411,General Services Administration,1975,Gerald Ford,341000000,"1,591,588,978"
412,International Assistance Programs,1975,Gerald Ford,3665000000,"17,106,080,948"
413,National Aeronautics and Space Administration,1975,Gerald Ford,3269000000,"15,257,784,071"
414,National Science Foundation,1975,Gerald Ford,662000000,"3,089,829,628"
415,Office of Personnel Management,1975,Gerald Ford,7062000000,"32,961,294,312"
416,Small Business Administration,1975,Gerald Ford,666000000,"3,108,499,294"
417,Social Security Administration,1975,Gerald Ford,69438000000,"324,096,056,989"
418,Other Independent Agencies,1975,Gerald Ford,9707000000,"45,306,610,576"
419,Undistributed Offsetting Receipts,1975,Gerald Ford,-21267000000,"-99,261,943,662"
420,Legislative Branch,1976,Gerald Ford,788000000,"3,477,545,097"
421,Judicial Branch,1976,Gerald Ford,325000000,"1,434,266,696"
422,Department of Agriculture,1976,Gerald Ford,17682000000,"78,032,934,517"
423,Department of Commerce,1976,Gerald Ford,1484000000,"6,549,082,390"
424,Department of Defense--Military Programs,1976,Gerald Ford,87917000000,"387,989,000,334"
425,Department of Education,1976,Gerald Ford,7897000000,"34,850,474,148"
426,Department of Energy,1976,Gerald Ford,3841000000,"16,950,825,782"
427,Department of Health and Human Services,1976,Gerald Ford,40261000000,"177,676,958,295"
428,Department of Homeland Security,1976,Gerald Ford,2455000000,"10,834,229,965"
429,Department of Housing and Urban Development,1976,Gerald Ford,7026000000,"31,006,639,402"
430,Department of the Interior,1976,Gerald Ford,2433000000,"10,737,141,142"
431,Department of Justice,1976,Gerald Ford,2140000000,"9,444,094,552"
432,Department of Labor,1976,Gerald Ford,26524000000,"117,053,814,903"
433,Department of State,1976,Gerald Ford,1393000000,"6,147,487,715"
434,Department of Transportation,1976,Gerald Ford,11709000000,"51,673,319,209"
435,Department of the Treasury,1976,Gerald Ford,43407000000,"191,560,659,912"
436,Department of Veterans Affairs,1976,Gerald Ford,18416000000,"81,272,170,685"
437,Corps of Engineers--Civil Works,1976,Gerald Ford,2112000000,"9,320,526,960"
438,Other Defense Civil Programs,1976,Gerald Ford,7358000000,"32,471,797,996"
439,Environmental Protection Agency,1976,Gerald Ford,3118000000,"13,760,134,025"
440,Executive Office of the President,1976,Gerald Ford,80000000,"353,050,264"
441,General Services Administration,1976,Gerald Ford,-13000000,"-57,370,668"
442,International Assistance Programs,1976,Gerald Ford,3742000000,"16,513,926,081"
443,National Aeronautics and Space Administration,1976,Gerald Ford,3671000000,"16,200,593,972"
444,National Science Foundation,1976,Gerald Ford,733000000,"3,234,823,040"
445,Office of Personnel Management,1976,Gerald Ford,8323000000,"36,730,466,801"
446,Small Business Administration,1976,Gerald Ford,624000000,"2,753,792,056"
447,Social Security Administration,1976,Gerald Ford,78960000000,"348,460,610,193"
448,Other Independent Agencies,1976,Gerald Ford,9575000000,"42,255,703,427"
449,Undistributed Offsetting Receipts,1976,Gerald Ford,-22186000000,"-97,909,664,359"
480,Legislative Branch,1977,Gerald Ford,990000000,"4,102,243,069"
481,Judicial Branch,1977,Gerald Ford,393000000,"1,628,466,188"
482,Department of Agriculture,1977,Gerald Ford,23287000000,"96,493,873,086"
483,Department of Commerce,1977,Gerald Ford,2010000000,"8,328,796,535"
484,Department of Defense--Military Programs,1977,Gerald Ford,95147000000,"394,258,708,399"
485,Department of Education,1977,Gerald Ford,8717000000,"36,120,457,409"
486,Department of Energy,1977,Gerald Ford,5049000000,"20,921,439,653"
487,Department of Health and Human Services,1977,Gerald Ford,46493000000,"192,652,108,102"
488,Department of Homeland Security,1977,Gerald Ford,2755000000,"11,415,838,036"
489,Department of Housing and Urban Development,1977,Gerald Ford,5808000000,"24,066,492,673"
490,Department of the Interior,1977,Gerald Ford,3220000000,"13,342,649,175"
491,Department of Justice,1977,Gerald Ford,2220000000,"9,198,969,307"
492,Department of Labor,1977,Gerald Ford,23225000000,"96,236,964,934"
493,Department of State,1977,Gerald Ford,1449000000,"6,004,192,129"
494,Department of Transportation,1977,Gerald Ford,11978000000,"49,632,997,459"
495,Department of the Treasury,1977,Gerald Ford,48061000000,"199,149,398,135"
496,Department of Veterans Affairs,1977,Gerald Ford,18020000000,"74,669,111,221"
497,Corps of Engineers--Civil Works,1977,Gerald Ford,2271000000,"9,410,296,980"
498,Other Defense Civil Programs,1977,Gerald Ford,8251000000,"34,189,502,591"
499,Environmental Protection Agency,1977,Gerald Ford,4365000000,"18,087,162,624"
500,Executive Office of the President,1977,Gerald Ford,74000000,"306,632,310"
501,General Services Administration,1977,Gerald Ford,70000000,"290,057,591"
502,International Assistance Programs,1977,Gerald Ford,3616000000,"14,983,546,403"
503,National Aeronautics and Space Administration,1977,Gerald Ford,4002000000,"16,583,006,832"
504,National Science Foundation,1977,Gerald Ford,753000000,"3,120,190,941"
505,Office of Personnel Management,1977,Gerald Ford,9633000000,"39,916,068,168"
506,Small Business Administration,1977,Gerald Ford,758000000,"3,140,909,340"
507,Social Security Administration,1977,Gerald Ford,90358000000,"374,414,625,512"
508,Other Independent Agencies,1977,Gerald Ford,9260000000,"38,370,475,578"
509,Undistributed Offsetting Receipts,1977,Gerald Ford,-23018000000,"-95,379,223,201"
510,Legislative Branch,1978,Jimmy Carter,1064000000,"4,097,819,755"
511,Judicial Branch,1978,Jimmy Carter,437000000,"1,683,033,113"
512,Department of Agriculture,1978,Jimmy Carter,30179000000,"116,229,419,525"
513,Department of Commerce,1978,Jimmy Carter,4720000000,"18,178,298,160"
514,Department of Defense--Military Programs,1978,Jimmy Carter,102259000000,"393,833,599,893"
515,Department of Education,1978,Jimmy Carter,9828000000,"37,850,914,049"
516,Department of Energy,1978,Jimmy Carter,6412000000,"24,694,755,890"
517,Department of Health and Human Services,1978,Jimmy Carter,51752000000,"199,314,255,583"
518,Department of Homeland Security,1978,Jimmy Carter,3217000000,"12,389,742,623"
519,Department of Housing and Urban Development,1978,Jimmy Carter,7650000000,"29,462,707,822"
520,Department of the Interior,1978,Jimmy Carter,3874000000,"14,920,069,294"
521,Department of Justice,1978,Jimmy Carter,2248000000,"8,657,799,632"
522,Department of Labor,1978,Jimmy Carter,23694000000,"91,253,516,227"
523,Department of State,1978,Jimmy Carter,1658000000,"6,385,512,362"
524,Department of Transportation,1978,Jimmy Carter,12791000000,"49,262,417,745"
525,Department of the Treasury,1978,Jimmy Carter,54010000000,"208,010,568,558"
526,Department of Veterans Affairs,1978,Jimmy Carter,18965000000,"73,040,556,058"
527,Corps of Engineers--Civil Works,1978,Jimmy Carter,2564000000,"9,874,821,288"
528,Other Defense Civil Programs,1978,Jimmy Carter,9203000000,"35,443,830,077"
529,Environmental Protection Agency,1978,Jimmy Carter,4072000000,"15,682,633,497"
530,Executive Office of the President,1978,Jimmy Carter,75000000,"288,850,077"
531,General Services Administration,1978,Jimmy Carter,213000000,"820,334,218"
532,International Assistance Programs,1978,Jimmy Carter,5123000000,"19,730,385,905"
533,National Aeronautics and Space Administration,1978,Jimmy Carter,4164000000,"16,036,956,258"
534,National Science Foundation,1978,Jimmy Carter,803000000,"3,092,621,488"
535,Office of Personnel Management,1978,Jimmy Carter,10962000000,"42,218,327,209"
536,Small Business Administration,1978,Jimmy Carter,2820000000,"10,860,762,883"
537,Social Security Administration,1978,Jimmy Carter,99715000000,"384,035,805,291"
538,Other Independent Agencies,1978,Jimmy Carter,8526000000,"32,836,476,718"
539,Undistributed Offsetting Receipts,1978,Jimmy Carter,-24250000000,"-93,394,858,129"
540,Legislative Branch,1979,Jimmy Carter,1099000000,"3,801,192,741"
541,Judicial Branch,1979,Jimmy Carter,481000000,"1,663,670,344"
542,Department of Agriculture,1979,Jimmy Carter,31698000000,"109,636,221,570"
543,Department of Commerce,1979,Jimmy Carter,3538000000,"12,237,142,782"
544,Department of Defense--Military Programs,1979,Jimmy Carter,113605000000,"392,934,032,163"
545,Department of Education,1979,Jimmy Carter,12167000000,"42,082,904,532"
546,Department of Energy,1979,Jimmy Carter,7441000000,"25,736,738,113"
547,Department of Health and Human Services,1979,Jimmy Carter,57820000000,"199,986,318,733"
548,Department of Homeland Security,1979,Jimmy Carter,3415000000,"11,811,713,567"
549,Department of Housing and Urban Development,1979,Jimmy Carter,9220000000,"31,889,897,245"
550,Department of the Interior,1979,Jimmy Carter,4168000000,"14,416,170,468"
551,Department of Justice,1979,Jimmy Carter,2353000000,"8,138,495,468"
552,Department of Labor,1979,Jimmy Carter,23448000000,"81,101,335,207"
553,Department of State,1979,Jimmy Carter,1987000000,"6,872,584,146"
554,Department of Transportation,1979,Jimmy Carter,14642000000,"50,643,370,441"
555,Department of the Treasury,1979,Jimmy Carter,63830000000,"220,773,551,102"
556,Department of Veterans Affairs,1979,Jimmy Carter,19891000000,"68,798,475,716"
557,Corps of Engineers--Civil Works,1979,Jimmy Carter,2898000000,"10,023,527,355"
558,Other Defense Civil Programs,1979,Jimmy Carter,10315000000,"35,677,254,890"
559,Environmental Protection Agency,1979,Jimmy Carter,4800000000,"16,602,115,702"
560,Executive Office of the President,1979,Jimmy Carter,81000000,"280,160,702"
561,General Services Administration,1979,Jimmy Carter,211000000,"729,801,336"
562,International Assistance Programs,1979,Jimmy Carter,3757000000,"12,994,614,311"
563,National Aeronautics and Space Administration,1979,Jimmy Carter,4380000000,"15,149,430,579"
564,National Science Foundation,1979,Jimmy Carter,870000000,"3,009,133,471"
565,Office of Personnel Management,1979,Jimmy Carter,12663000000,"43,798,456,488"
566,Small Business Administration,1979,Jimmy Carter,1699000000,"5,876,457,204"
567,Social Security Administration,1979,Jimmy Carter,109544000000,"378,887,950,523"
568,Other Independent Agencies,1979,Jimmy Carter,9433000000,"32,626,616,129"
569,Undistributed Offsetting Receipts,1979,Jimmy Carter,-27428000000,"-94,867,256,143"
570,Legislative Branch,1980,Jimmy Carter,1224000000,"3,730,036,019"
571,Judicial Branch,1980,Jimmy Carter,567000000,"1,727,884,333"
572,Department of Agriculture,1980,Jimmy Carter,34721000000,"105,809,297,900"
573,Department of Commerce,1980,Jimmy Carter,3129000000,"9,535,361,687"
574,Department of Defense--Military Programs,1980,Jimmy Carter,130912000000,"398,943,198,835"
575,Department of Education,1980,Jimmy Carter,14612000000,"44,528,828,689"
576,Department of Energy,1980,Jimmy Carter,7260000000,"22,124,233,252"
577,Department of Health and Human Services,1980,Jimmy Carter,68255000000,"208,001,314,138"
578,Department of Homeland Security,1980,Jimmy Carter,4296000000,"13,091,695,049"
579,Department of Housing and Urban Development,1980,Jimmy Carter,12735000000,"38,808,830,643"
580,Department of the Interior,1980,Jimmy Carter,4472000000,"13,628,040,097"
581,Department of Justice,1980,Jimmy Carter,2438000000,"7,429,597,888"
582,Department of Labor,1980,Jimmy Carter,30542000000,"93,074,150,413"
583,Department of State,1980,Jimmy Carter,2382000000,"7,258,942,646"
584,Department of Transportation,1980,Jimmy Carter,18166000000,"55,359,341,772"
585,Department of the Treasury,1980,Jimmy Carter,75451000000,"229,930,512,828"
586,Department of Veterans Affairs,1980,Jimmy Carter,21137000000,"64,413,211,881"
587,Corps of Engineers--Civil Works,1980,Jimmy Carter,3218000000,"9,806,581,626"
588,Other Defense Civil Programs,1980,Jimmy Carter,11961000000,"36,450,131,396"
589,Environmental Protection Agency,1980,Jimmy Carter,5603000000,"17,074,666,517"
590,Executive Office of the President,1980,Jimmy Carter,96000000,"292,551,845"
591,General Services Administration,1980,Jimmy Carter,573000000,"1,746,168,823"
592,International Assistance Programs,1980,Jimmy Carter,7747000000,"23,608,324,381"
593,National Aeronautics and Space Administration,1980,Jimmy Carter,4959000000,"15,112,131,226"
594,National Science Foundation,1980,Jimmy Carter,912000000,"2,779,242,524"
595,Office of Personnel Management,1980,Jimmy Carter,15056000000,"45,881,880,971"
596,Small Business Administration,1980,Jimmy Carter,2026000000,"6,174,062,888"
597,Social Security Administration,1980,Jimmy Carter,124959000000,"380,801,937,051"
598,Other Independent Agencies,1980,Jimmy Carter,13522000000,"41,207,146,286"
599,Undistributed Offsetting Receipts,1980,Jimmy Carter,-31988000000,"-97,480,712,573"
600,Legislative Branch,1981,Jimmy Carter,1214000000,"3,353,618,240"
601,Judicial Branch,1981,Jimmy Carter,641000000,"1,770,732,530"
602,Department of Agriculture,1981,Jimmy Carter,41541000000,"114,755,070,264"
603,Department of Commerce,1981,Jimmy Carter,2296000000,"6,342,592,651"
604,Department of Defense--Military Programs,1981,Jimmy Carter,153861000000,"425,033,818,779"
605,Department of Education,1981,Jimmy Carter,16973000000,"46,887,118,933"
606,Department of Energy,1981,Jimmy Carter,11756000000,"32,475,400,352"
607,Department of Health and Human Services,1981,Jimmy Carter,80821000000,"223,264,233,740"
608,Department of Homeland Security,1981,Jimmy Carter,3943000000,"10,892,353,146"
609,Department of Housing and Urban Development,1981,Jimmy Carter,14880000000,"41,105,304,290"
610,Department of the Interior,1981,Jimmy Carter,4456000000,"12,309,491,661"
611,Department of Justice,1981,Jimmy Carter,2438000000,"6,734,861,012"
612,Department of Labor,1981,Jimmy Carter,30911000000,"85,390,192,266"
613,Department of State,1981,Jimmy Carter,2347000000,"6,483,477,767"
614,Department of Transportation,1981,Jimmy Carter,20922000000,"57,796,046,799"
615,Department of the Treasury,1981,Jimmy Carter,91691000000,"253,292,100,517"
616,Department of Veterans Affairs,1981,Jimmy Carter,22907000000,"63,279,516,491"
617,Corps of Engineers--Civil Works,1981,Jimmy Carter,3139000000,"8,671,340,737"
618,Other Defense Civil Programs,1981,Jimmy Carter,13788000000,"38,088,705,347"
619,Environmental Protection Agency,1981,Jimmy Carter,5242000000,"14,480,779,912"
620,Executive Office of the President,1981,Jimmy Carter,96000000,"265,195,512"
621,General Services Administration,1981,Jimmy Carter,795000000,"2,196,150,330"
622,International Assistance Programs,1981,Jimmy Carter,8127000000,"22,450,457,525"
623,National Aeronautics and Space Administration,1981,Jimmy Carter,5537000000,"15,295,703,619"
624,National Science Foundation,1981,Jimmy Carter,976000000,"2,696,154,367"
625,Office of Personnel Management,1981,Jimmy Carter,18096000000,"49,989,353,927"
626,Small Business Administration,1981,Jimmy Carter,2032000000,"5,613,304,994"
627,Social Security Administration,1981,Jimmy Carter,146776000000,"405,461,837,536"
628,Other Independent Agencies,1981,Jimmy Carter,11891000000,"32,848,331,540"
629,Undistributed Offsetting Receipts,1981,Jimmy Carter,-41852000000,"-115,614,193,223"
630,Legislative Branch,1982,Ronald Reagan,1367000000,"3,557,132,321"
631,Judicial Branch,1982,Ronald Reagan,710000000,"1,847,523,005"
632,Department of Agriculture,1982,Ronald Reagan,45623000000,"118,717,664,881"
633,Department of Commerce,1982,Ronald Reagan,2054000000,"5,344,805,990"
634,Department of Defense--Military Programs,1982,Ronald Reagan,180693000000,"470,189,400,528"
635,Department of Education,1982,Ronald Reagan,14707000000,"38,269,747,658"
636,Department of Energy,1982,Ronald Reagan,11656000000,"30,330,603,026"
637,Department of Health and Human Services,1982,Ronald Reagan,88408000000,"230,050,442,031"
638,Department of Homeland Security,1982,Ronald Reagan,3847000000,"10,010,452,114"
639,Department of Housing and Urban Development,1982,Ronald Reagan,15232000000,"39,635,873,824"
640,Department of the Interior,1982,Ronald Reagan,3944000000,"10,262,860,187"
641,Department of Justice,1982,Ronald Reagan,2325000000,"6,049,987,306"
642,Department of Labor,1982,Ronald Reagan,31479000000,"81,912,924,902"
643,Department of State,1982,Ronald Reagan,2684000000,"6,984,157,389"
644,Department of Transportation,1982,Ronald Reagan,17931000000,"46,659,063,389"
645,Department of the Treasury,1982,Ronald Reagan,109418000000,"284,721,510,114"
646,Department of Veterans Affairs,1982,Ronald Reagan,23941000000,"62,297,955,306"
647,Corps of Engineers--Civil Works,1982,Ronald Reagan,2962000000,"7,707,553,720"
648,Other Defense Civil Programs,1982,Ronald Reagan,14997000000,"39,024,369,731"
649,Environmental Protection Agency,1982,Ronald Reagan,5081000000,"13,221,499,140"
650,Executive Office of the President,1982,Ronald Reagan,95000000,"247,203,782"
651,General Services Administration,1982,Ronald Reagan,550000000,"1,431,179,793"
652,International Assistance Programs,1982,Ronald Reagan,7922000000,"20,614,193,306"
653,National Aeronautics and Space Administration,1982,Ronald Reagan,6155000000,"16,016,202,953"
654,National Science Foundation,1982,Ronald Reagan,1099000000,"2,859,757,440"
655,Office of Personnel Management,1982,Ronald Reagan,19983000000,"51,998,665,088"
656,Small Business Administration,1982,Ronald Reagan,773000000,"2,011,458,145"
657,Social Security Administration,1982,Ronald Reagan,163640000000,"425,815,020,518"
658,Other Independent Agencies,1982,Ronald Reagan,8631000000,"22,459,114,166"
659,Undistributed Offsetting Receipts,1982,Ronald Reagan,-42165000000,"-109,719,447,202"
660,Legislative Branch,1983,Ronald Reagan,1437000000,"3,622,899,187"
661,Judicial Branch,1983,Ronald Reagan,787000000,"1,984,148,685"
662,Department of Agriculture,1983,Ronald Reagan,52317000000,"131,899,246,175"
663,Department of Commerce,1983,Ronald Reagan,1925000000,"4,853,222,641"
664,Department of Defense--Military Programs,1983,Ronald Reagan,204356000000,"515,213,073,213"
665,Department of Education,1983,Ronald Reagan,14433000000,"36,387,824,608"
666,Department of Energy,1983,Ronald Reagan,10590000000,"26,699,027,410"
667,Department of Health and Human Services,1983,Ronald Reagan,95008000000,"239,529,857,992"
668,Department of Homeland Security,1983,Ronald Reagan,4689000000,"11,821,694,006"
669,Department of Housing and Urban Development,1983,Ronald Reagan,15814000000,"39,869,539,137"
670,Department of the Interior,1983,Ronald Reagan,4552000000,"11,476,295,823"
671,Department of Justice,1983,Ronald Reagan,2493000000,"6,285,238,464"
672,Department of Labor,1983,Ronald Reagan,38683000000,"97,525,824,106"
673,Department of State,1983,Ronald Reagan,2793000000,"7,041,584,849"
674,Department of Transportation,1983,Ronald Reagan,18239000000,"45,983,339,086"
675,Department of the Treasury,1983,Ronald Reagan,115366000000,"290,855,523,715"
676,Department of Veterans Affairs,1983,Ronald Reagan,24827000000,"62,592,705,713"
677,Corps of Engineers--Civil Works,1983,Ronald Reagan,2918000000,"7,356,729,177"
678,Other Defense Civil Programs,1983,Ronald Reagan,16004000000,"40,348,558,514"
679,Environmental Protection Agency,1983,Ronald Reagan,4312000000,"10,871,218,715"
680,Executive Office of the President,1983,Ronald Reagan,94000000,"236,988,534"
681,General Services Administration,1983,Ronald Reagan,528000000,"1,331,169,639"
682,International Assistance Programs,1983,Ronald Reagan,7878000000,"19,861,656,084"
683,National Aeronautics and Space Administration,1983,Ronald Reagan,6853000000,"17,277,472,600"
684,National Science Foundation,1983,Ronald Reagan,1055000000,"2,659,818,122"
685,Office of Personnel Management,1983,Ronald Reagan,21278000000,"53,645,127,972"
686,Small Business Administration,1983,Ronald Reagan,661000000,"1,666,483,203"
687,Social Security Administration,1983,Ronald Reagan,180585000000,"455,282,706,777"
688,Other Independent Agencies,1983,Ronald Reagan,8966000000,"22,604,672,309"
689,Undistributed Offsetting Receipts,1983,Ronald Reagan,-51078000000,"-128,775,535,602"
690,Legislative Branch,1984,Ronald Reagan,1577000000,"3,811,316,064"
691,Judicial Branch,1984,Ronald Reagan,866000000,"2,092,961,136"
692,Department of Agriculture,1984,Ronald Reagan,41928000000,"101,332,187,642"
693,Department of Commerce,1984,Ronald Reagan,1894000000,"4,577,446,179"
694,Department of Defense--Military Programs,1984,Ronald Reagan,220863000000,"533,784,844,475"
695,Department of Education,1984,Ronald Reagan,15424000000,"37,276,942,907"
696,Department of Energy,1984,Ronald Reagan,10990000000,"26,560,788,547"
697,Department of Health and Human Services,1984,Ronald Reagan,102374000000,"247,418,941,463"
698,Department of Homeland Security,1984,Ronald Reagan,5060000000,"12,229,080,077"
699,Department of Housing and Urban Development,1984,Ronald Reagan,16663000000,"40,271,375,756"
700,Department of the Interior,1984,Ronald Reagan,4936000000,"11,929,395,111"
701,Department of Justice,1984,Ronald Reagan,2816000000,"6,805,748,912"
702,Department of Labor,1984,Ronald Reagan,25348000000,"61,261,407,469"
703,Department of State,1984,Ronald Reagan,2982000000,"7,206,940,077"
704,Department of Transportation,1984,Ronald Reagan,20507000000,"49,561,609,711"
705,Department of the Treasury,1984,Ronald Reagan,139911000000,"338,138,897,757"
706,Department of Veterans Affairs,1984,Ronald Reagan,25580000000,"61,822,108,373"
707,Corps of Engineers--Civil Works,1984,Ronald Reagan,3036000000,"7,337,448,046"
708,Other Defense Civil Programs,1984,Ronald Reagan,16536000000,"39,964,440,346"
709,Environmental Protection Agency,1984,Ronald Reagan,4076000000,"9,850,934,860"
710,Executive Office of the President,1984,Ronald Reagan,96000000,"232,014,167"
711,General Services Administration,1984,Ronald Reagan,463000000,"1,118,984,995"
712,International Assistance Programs,1984,Ronald Reagan,10835000000,"26,186,182,339"
713,National Aeronautics and Space Administration,1984,Ronald Reagan,7055000000,"17,050,624,495"
714,National Science Foundation,1984,Ronald Reagan,1193000000,"2,883,259,394"
715,Office of Personnel Management,1984,Ronald Reagan,22590000000,"54,595,833,782"
716,Small Business Administration,1984,Ronald Reagan,510000000,"1,232,575,265"
717,Social Security Administration,1984,Ronald Reagan,188818000000,"456,338,032,012"
718,Other Independent Agencies,1984,Ronald Reagan,9206000000,"22,249,191,935"
719,Undistributed Offsetting Receipts,1984,Ronald Reagan,-52329000000,"-126,469,472,599"
720,Legislative Branch,1985,Ronald Reagan,1607000000,"3,750,269,043"
721,Judicial Branch,1985,Ronald Reagan,966000000,"2,254,362,100"
722,Department of Agriculture,1985,Ronald Reagan,55435000000,"129,369,112,872"
723,Department of Commerce,1985,Ronald Reagan,2139000000,"4,991,801,794"
724,Department of Defense--Military Programs,1985,Ronald Reagan,245109000000,"572,012,877,909"
725,Department of Education,1985,Ronald Reagan,16596000000,"38,730,220,929"
726,Department of Energy,1985,Ronald Reagan,10586000000,"24,704,634,777"
727,Department of Health and Human Services,1985,Ronald Reagan,114270000000,"266,672,833,550"
728,Department of Homeland Security,1985,Ronald Reagan,5007000000,"11,684,876,849"
729,Department of Housing and Urban Development,1985,Ronald Reagan,28720000000,"67,024,098,885"
730,Department of the Interior,1985,Ronald Reagan,4804000000,"11,211,134,089"
731,Department of Justice,1985,Ronald Reagan,3182000000,"7,425,859,424"
732,Department of Labor,1985,Ronald Reagan,24738000000,"57,731,272,918"
733,Department of State,1985,Ronald Reagan,3303000000,"7,708,238,113"
734,Department of Transportation,1985,Ronald Reagan,22510000000,"52,531,771,097"
735,Department of the Treasury,1985,Ronald Reagan,163688000000,"382,000,024,312"
736,Department of Veterans Affairs,1985,Ronald Reagan,26322000000,"61,427,866,673"
737,Corps of Engineers--Civil Works,1985,Ronald Reagan,2998000000,"6,996,457,119"
738,Other Defense Civil Programs,1985,Ronald Reagan,15809000000,"36,893,592,593"
739,Environmental Protection Agency,1985,Ronald Reagan,4490000000,"10,478,349,721"
740,Executive Office of the President,1985,Ronald Reagan,111000000,"259,041,608"
741,General Services Administration,1985,Ronald Reagan,364000000,"849,469,777"
742,International Assistance Programs,1985,Ronald Reagan,11858000000,"27,673,111,580"
743,National Aeronautics and Space Administration,1985,Ronald Reagan,7251000000,"16,921,718,002"
744,National Science Foundation,1985,Ronald Reagan,1309000000,"3,054,824,006"
745,Office of Personnel Management,1985,Ronald Reagan,23727000000,"55,371,893,950"
746,Small Business Administration,1985,Ronald Reagan,680000000,"1,586,921,561"
747,Social Security Administration,1985,Ronald Reagan,200227000000,"467,271,387,444"
748,Other Independent Agencies,1985,Ronald Reagan,7193000000,"16,786,362,928"
749,Undistributed Offsetting Receipts,1985,Ronald Reagan,-58656000000,"-136,885,986,914"
750,Legislative Branch,1986,Ronald Reagan,1662000000,"3,807,845,201"
751,Judicial Branch,1986,Ronald Reagan,1071000000,"2,453,791,943"
752,Department of Agriculture,1986,Ronald Reagan,58599000000,"134,257,473,476"
753,Department of Commerce,1986,Ronald Reagan,2083000000,"4,772,407,673"
754,Department of Defense--Military Programs,1986,Ronald Reagan,265440000000,"608,155,493,431"
755,Department of Education,1986,Ronald Reagan,17577000000,"40,271,056,013"
756,Department of Energy,1986,Ronald Reagan,11025000000,"25,259,622,947"
757,Department of Health and Human Services,1986,Ronald Reagan,122940000000,"281,670,570,985"
758,Department of Homeland Security,1986,Ronald Reagan,5383000000,"12,333,111,141"
759,Department of Housing and Urban Development,1986,Ronald Reagan,14139000000,"32,394,177,673"
760,Department of the Interior,1986,Ronald Reagan,4774000000,"10,937,817,682"
761,Department of Justice,1986,Ronald Reagan,3336000000,"7,643,183,869"
762,Department of Labor,1986,Ronald Reagan,24934000000,"57,126,842,500"
763,Department of State,1986,Ronald Reagan,3590000000,"8,225,128,923"
764,Department of Transportation,1986,Ronald Reagan,24885000000,"57,014,577,509"
765,Department of the Treasury,1986,Ronald Reagan,178076000000,"407,993,888,066"
766,Department of Veterans Affairs,1986,Ronald Reagan,26523000000,"60,767,435,776"
767,Corps of Engineers--Civil Works,1986,Ronald Reagan,2806000000,"6,428,889,069"
768,Other Defense Civil Programs,1986,Ronald Reagan,17483000000,"40,055,690,520"
769,Environmental Protection Agency,1986,Ronald Reagan,4867000000,"11,150,892,053"
770,Executive Office of the President,1986,Ronald Reagan,108000000,"247,441,204"
771,General Services Administration,1986,Ronald Reagan,713000000,"1,633,570,173"
772,International Assistance Programs,1986,Ronald Reagan,11040000000,"25,293,989,781"
773,National Aeronautics and Space Administration,1986,Ronald Reagan,7403000000,"16,961,178,111"
774,National Science Foundation,1986,Ronald Reagan,1536000000,"3,519,163,796"
775,Office of Personnel Management,1986,Ronald Reagan,23955000000,"54,883,833,805"
776,Small Business Administration,1986,Ronald Reagan,557000000,"1,276,155,100"
777,Social Security Administration,1986,Ronald Reagan,210000000000,"481,135,675,182"
778,Other Independent Agencies,1986,Ronald Reagan,8913000000,"20,420,772,728"
779,Undistributed Offsetting Receipts,1986,Ronald Reagan,-65036000000,"-149,005,427,482"
780,Legislative Branch,1987,Ronald Reagan,1810000000,"4,000,912,588"
781,Judicial Branch,1987,Ronald Reagan,1180000000,"2,608,329,754"
782,Department of Agriculture,1987,Ronald Reagan,49507000000,"109,432,695,854"
783,Department of Commerce,1987,Ronald Reagan,2127000000,"4,701,624,903"
784,Department of Defense--Military Programs,1987,Ronald Reagan,273919000000,"605,483,964,199"
785,Department of Education,1987,Ronald Reagan,16670000000,"36,848,183,891"
786,Department of Energy,1987,Ronald Reagan,10692000000,"23,634,120,106"
787,Department of Health and Human Services,1987,Ronald Reagan,131410000000,"290,475,095,687"
788,Department of Homeland Security,1987,Ronald Reagan,5383000000,"11,898,846,664"
789,Department of Housing and Urban Development,1987,Ronald Reagan,15484000000,"34,226,591,444"
790,Department of the Interior,1987,Ronald Reagan,5037000000,"11,134,031,329"
791,Department of Justice,1987,Ronald Reagan,3807000000,"8,415,179,129"
792,Department of Labor,1987,Ronald Reagan,24208000000,"53,510,548,028"
793,Department of State,1987,Ronald Reagan,3572000000,"7,895,723,627"
794,Department of Transportation,1987,Ronald Reagan,22851000000,"50,510,968,812"
795,Department of the Treasury,1987,Ronald Reagan,178684000000,"394,971,859,049"
796,Department of Veterans Affairs,1987,Ronald Reagan,26932000000,"59,531,810,951"
797,Corps of Engineers--Civil Works,1987,Ronald Reagan,2757000000,"6,094,207,738"
798,Other Defense Civil Programs,1987,Ronald Reagan,17962000000,"39,704,083,926"
799,Environmental Protection Agency,1987,Ronald Reagan,4904000000,"10,840,041,620"
800,Executive Office of the President,1987,Ronald Reagan,110000000,"243,149,384"
801,General Services Administration,1987,Ronald Reagan,462000000,"1,021,227,412"
802,International Assistance Programs,1987,Ronald Reagan,10406000000,"23,001,931,708"
803,National Aeronautics and Space Administration,1987,Ronald Reagan,7591000000,"16,779,517,931"
804,National Science Foundation,1987,Ronald Reagan,1547000000,"3,419,564,516"
805,Office of Personnel Management,1987,Ronald Reagan,26966000000,"59,606,966,215"
806,Small Business Administration,1987,Ronald Reagan,-65000000,"-143,679,181"
807,Social Security Administration,1987,Ronald Reagan,218946000000,"483,968,954,419"
808,Other Independent Agencies,1987,Ronald Reagan,11418000000,"25,238,906,039"
809,Undistributed Offsetting Receipts,1987,Ronald Reagan,-72262000000,"-159,731,461,567"
810,Legislative Branch,1988,Ronald Reagan,1848000000,"3,922,618,225"
811,Judicial Branch,1988,Ronald Reagan,1342000000,"2,848,567,997"
812,Department of Agriculture,1988,Ronald Reagan,43930000000,"93,247,087,997"
813,Department of Commerce,1988,Ronald Reagan,2278000000,"4,835,348,656"
814,Department of Defense--Military Programs,1988,Ronald Reagan,281889000000,"598,345,740,685"
815,Department of Education,1988,Ronald Reagan,18145000000,"38,515,101,564"
816,Department of Energy,1988,Ronald Reagan,11165000000,"23,699,151,775"
817,Department of Health and Human Services,1988,Ronald Reagan,140035000000,"297,242,339,349"
818,Department of Homeland Security,1988,Ronald Reagan,6180000000,"13,117,846,661"
819,Department of Housing and Urban Development,1988,Ronald Reagan,18938000000,"40,198,346,289"
820,Department of the Interior,1988,Ronald Reagan,5138000000,"10,906,067,337"
821,Department of Justice,1988,Ronald Reagan,4656000000,"9,882,960,203"
822,Department of Labor,1988,Ronald Reagan,22662000000,"48,103,016,348"
823,Department of State,1988,Ronald Reagan,4217000000,"8,951,126,112"
824,Department of Transportation,1988,Ronald Reagan,23698000000,"50,302,059,899"
825,Department of the Treasury,1988,Ronald Reagan,200406000000,"425,387,569,248"
826,Department of Veterans Affairs,1988,Ronald Reagan,29253000000,"62,093,263,491"
827,Corps of Engineers--Civil Works,1988,Ronald Reagan,3028000000,"6,427,320,338"
828,Other Defense Civil Programs,1988,Ronald Reagan,19039000000,"40,412,731,809"
829,Environmental Protection Agency,1988,Ronald Reagan,4871000000,"10,339,325,418"
830,Executive Office of the President,1988,Ronald Reagan,122000000,"258,960,727"
831,General Services Administration,1988,Ronald Reagan,-95000000,"-201,649,746"
832,International Assistance Programs,1988,Ronald Reagan,7252000000,"15,393,304,852"
833,National Aeronautics and Space Administration,1988,Ronald Reagan,9092000000,"19,298,942,046"
834,National Science Foundation,1988,Ronald Reagan,1644000000,"3,489,601,927"
835,Office of Personnel Management,1988,Ronald Reagan,29191000000,"61,961,660,499"
836,Small Business Administration,1988,Ronald Reagan,-54000000,"-114,621,961"
837,Social Security Administration,1988,Ronald Reagan,232602000000,"493,727,729,620"
838,Other Independent Agencies,1988,Ronald Reagan,20732000000,"44,006,342,553"
839,Undistributed Offsetting Receipts,1988,Ronald Reagan,-78789000000,"-167,239,809,155"
840,Legislative Branch,1989,Ronald Reagan,2216000000,"4,487,525,097"
841,Judicial Branch,1989,Ronald Reagan,1499000000,"3,035,559,621"
842,Department of Agriculture,1989,Ronald Reagan,48256000000,"97,721,124,129"
843,Department of Commerce,1989,Ronald Reagan,2570000000,"5,204,395,081"
844,Department of Defense--Military Programs,1989,Ronald Reagan,294829000000,"597,045,368,573"
845,Department of Education,1989,Ronald Reagan,21468000000,"43,473,911,903"
846,Department of Energy,1989,Ronald Reagan,11386000000,"23,057,292,758"
847,Department of Health and Human Services,1989,Ronald Reagan,152689000000,"309,203,844,540"
848,Department of Homeland Security,1989,Ronald Reagan,5671000000,"11,484,095,137"
849,Department of Housing and Urban Development,1989,Ronald Reagan,19680000000,"39,853,110,968"
850,Department of the Interior,1989,Ronald Reagan,5194000000,"10,518,143,210"
851,Department of Justice,1989,Ronald Reagan,5275000000,"10,682,172,782"
852,Department of Labor,1989,Ronald Reagan,25374000000,"51,383,782,403"
853,Department of State,1989,Ronald Reagan,4576000000,"9,266,658,323"
854,Department of Transportation,1989,Ronald Reagan,23828000000,"48,253,045,129"
855,Department of the Treasury,1989,Ronald Reagan,227402000000,"460,501,887,210"
856,Department of Veterans Affairs,1989,Ronald Reagan,30014000000,"60,780,044,339"
857,Corps of Engineers--Civil Works,1989,Ronald Reagan,3256000000,"6,593,583,806"
858,Other Defense Civil Programs,1989,Ronald Reagan,20230000000,"40,966,892,016"
859,Environmental Protection Agency,1989,Ronald Reagan,4906000000,"9,934,926,952"
860,Executive Office of the President,1989,Ronald Reagan,124000000,"251,107,000"
861,General Services Administration,1989,Ronald Reagan,-444000000,"-899,125,065"
862,International Assistance Programs,1989,Ronald Reagan,4291000000,"8,689,517,234"
863,National Aeronautics and Space Administration,1989,Ronald Reagan,11036000000,"22,348,523,000"
864,National Science Foundation,1989,Ronald Reagan,1736000000,"3,515,498,000"
865,Office of Personnel Management,1989,Ronald Reagan,29073000000,"58,874,466,218"
866,Small Business Administration,1989,Ronald Reagan,85000000,"172,129,798"
867,Social Security Administration,1989,Ronald Reagan,246182000000,"498,532,447,371"
868,Other Independent Agencies,1989,Ronald Reagan,30417000000,"61,596,142,089"
869,Undistributed Offsetting Receipts,1989,Ronald Reagan,-89074000000,"-180,379,878,371"
870,Legislative Branch,1990,George H.W.  Bush,2231000000,"4,286,302,349"
871,Judicial Branch,1990,George H.W.  Bush,1646000000,"3,162,372,777"
872,Department of Agriculture,1990,George H.W.  Bush,45858000000,"88,104,550,926"
873,Department of Commerce,1990,George H.W.  Bush,3734000000,"7,173,936,787"
874,Department of Defense--Military Programs,1990,George H.W.  Bush,289694000000,"556,573,766,320"
875,Department of Education,1990,George H.W.  Bush,22972000000,"44,134,889,090"
876,Department of Energy,1990,George H.W.  Bush,12083000000,"23,214,429,082"
877,Department of Health and Human Services,1990,George H.W.  Bush,175515000000,"337,207,690,168"
878,Department of Homeland Security,1990,George H.W.  Bush,7219000000,"13,869,483,037"
879,Department of Housing and Urban Development,1990,George H.W.  Bush,20167000000,"38,745,790,888"
880,Department of the Interior,1990,George H.W.  Bush,5814000000,"11,170,130,819"
881,Department of Justice,1990,George H.W.  Bush,5886000000,"11,308,460,612"
882,Department of Labor,1990,George H.W.  Bush,26087000000,"50,119,573,902"
883,Department of State,1990,George H.W.  Bush,4796000000,"9,214,301,239"
884,Department of Transportation,1990,George H.W.  Bush,25642000000,"49,264,618,929"
885,Department of the Treasury,1990,George H.W.  Bush,253915000000,"487,833,465,226"
886,Department of Veterans Affairs,1990,George H.W.  Bush,28976000000,"55,670,056,863"
887,Corps of Engineers--Civil Works,1990,George H.W.  Bush,3324000000,"6,386,225,463"
888,Other Defense Civil Programs,1990,George H.W.  Bush,21690000000,"41,671,850,268"
889,Environmental Protection Agency,1990,George H.W.  Bush,5108000000,"9,813,730,344"
890,Executive Office of the President,1990,George H.W.  Bush,158000000,"303,557,047"
891,General Services Administration,1990,George H.W.  Bush,-170000000,"-326,612,012"
892,International Assistance Programs,1990,George H.W.  Bush,10085000000,"19,375,777,314"
893,National Aeronautics and Space Administration,1990,George H.W.  Bush,12429000000,"23,879,180,589"
894,National Science Foundation,1990,George H.W.  Bush,1821000000,"3,498,591,025"
895,Office of Personnel Management,1990,George H.W.  Bush,31949000000,"61,381,924,583"
896,Small Business Administration,1990,George H.W.  Bush,692000000,"1,329,503,015"
897,Social Security Administration,1990,George H.W.  Bush,262274000000,"503,893,169,992"
898,Other Independent Agencies,1990,George H.W.  Bush,70330000000,"135,121,310,712"
899,Undistributed Offsetting Receipts,1990,George H.W.  Bush,-98930000000,"-190,068,978,653"
900,Legislative Branch,1991,George H.W.  Bush,2245000000,"4,139,025,073"
901,Judicial Branch,1991,George H.W.  Bush,1997000000,"3,681,796,468"
902,Department of Agriculture,1991,George H.W.  Bush,53990000000,"99,539,404,772"
903,Department of Commerce,1991,George H.W.  Bush,2585000000,"4,765,870,742"
904,Department of Defense--Military Programs,1991,George H.W.  Bush,261860000000,"482,781,784,288"
905,Department of Education,1991,George H.W.  Bush,25196000000,"46,452,951,336"
906,Department of Energy,1991,George H.W.  Bush,12472000000,"22,994,174,038"
907,Department of Health and Human Services,1991,George H.W.  Bush,198095000000,"365,220,566,557"
908,Department of Homeland Security,1991,George H.W.  Bush,6654000000,"12,267,738,458"
909,Department of Housing and Urban Development,1991,George H.W.  Bush,22751000000,"41,945,193,517"
910,Department of the Interior,1991,George H.W.  Bush,6082000000,"11,213,162,805"
911,Department of Justice,1991,George H.W.  Bush,7670000000,"14,140,900,808"
912,Department of Labor,1991,George H.W.  Bush,34790000000,"64,141,061,160"
913,Department of State,1991,George H.W.  Bush,5149000000,"9,493,024,545"
914,Department of Transportation,1991,George H.W.  Bush,27237000000,"50,215,869,009"
915,Department of the Treasury,1991,George H.W.  Bush,274606000000,"506,281,122,188"
916,Department of Veterans Affairs,1991,George H.W.  Bush,31191000000,"57,505,715,396"
917,Corps of Engineers--Civil Works,1991,George H.W.  Bush,3341000000,"6,159,680,521"
918,Other Defense Civil Programs,1991,George H.W.  Bush,23238000000,"42,843,057,753"
919,Environmental Protection Agency,1991,George H.W.  Bush,5769000000,"10,636,096,057"
920,Executive Office of the President,1991,George H.W.  Bush,193000000,"355,827,100"
921,General Services Administration,1991,George H.W.  Bush,445000000,"820,430,360"
922,International Assistance Programs,1991,George H.W.  Bush,11723000000,"21,613,269,905"
923,National Aeronautics and Space Administration,1991,George H.W.  Bush,13878000000,"25,586,365,242"
924,National Science Foundation,1991,George H.W.  Bush,2064000000,"3,805,321,938"
925,Office of Personnel Management,1991,George H.W.  Bush,34808000000,"64,174,247,107"
926,Small Business Administration,1991,George H.W.  Bush,613000000,"1,130,165,866"
927,Social Security Administration,1991,George H.W.  Bush,285403000000,"526,187,159,479"
928,Other Independent Agencies,1991,George H.W.  Bush,78187000000,"144,150,536,043"
929,Undistributed Offsetting Receipts,1991,George H.W.  Bush,-110005000000,"-202,812,228,598"
930,Legislative Branch,1992,George H.W.  Bush,2629000000,"4,705,347,847"
931,Judicial Branch,1992,George H.W.  Bush,2308000000,"4,130,826,486"
932,Department of Agriculture,1992,George H.W.  Bush,56320000000,"100,800,757,234"
933,Department of Commerce,1992,George H.W.  Bush,2566000000,"4,592,591,319"
934,Department of Defense--Military Programs,1992,George H.W.  Bush,286574000000,"512,906,182,594"
935,Department of Education,1992,George H.W.  Bush,25832000000,"46,233,756,408"
936,Department of Energy,1992,George H.W.  Bush,15515000000,"27,768,532,466"
937,Department of Health and Human Services,1992,George H.W.  Bush,231550000000,"414,424,988,239"
938,Department of Homeland Security,1992,George H.W.  Bush,7577000000,"13,561,209,829"
939,Department of Housing and Urban Development,1992,George H.W.  Bush,24470000000,"43,796,067,641"
940,Department of the Interior,1992,George H.W.  Bush,6531000000,"11,689,093,493"
941,Department of Justice,1992,George H.W.  Bush,9208000000,"16,480,351,076"
942,Department of Labor,1992,George H.W.  Bush,47889000000,"85,711,070,014"
943,Department of State,1992,George H.W.  Bush,5927000000,"10,608,062,644"
944,Department of Transportation,1992,George H.W.  Bush,29098000000,"52,079,198,047"
945,Department of the Treasury,1992,George H.W.  Bush,291005000000,"520,836,725,125"
946,Department of Veterans Affairs,1992,George H.W.  Bush,33872000000,"60,623,637,234"
947,Corps of Engineers--Civil Works,1992,George H.W.  Bush,3565000000,"6,380,587,705"
948,Other Defense Civil Programs,1992,George H.W.  Bush,24746000000,"44,290,048,624"
949,Environmental Protection Agency,1992,George H.W.  Bush,5950000000,"10,649,227,726"
950,Executive Office of the President,1992,George H.W.  Bush,186000000,"332,900,228"
951,General Services Administration,1992,George H.W.  Bush,457000000,"817,932,281"
952,International Assistance Programs,1992,George H.W.  Bush,11107000000,"19,879,155,018"
953,National Aeronautics and Space Administration,1992,George H.W.  Bush,13961000000,"24,987,204,754"
954,National Science Foundation,1992,George H.W.  Bush,2230000000,"3,991,223,165"
955,Office of Personnel Management,1992,George H.W.  Bush,35596000000,"63,709,228,596"
956,Small Business Administration,1992,George H.W.  Bush,546000000,"977,223,250"
957,Social Security Administration,1992,George H.W.  Bush,306361000000,"548,320,681,589"
958,Other Independent Agencies,1992,George H.W.  Bush,15064000000,"26,961,338,902"
959,Undistributed Offsetting Receipts,1992,George H.W.  Bush,-117111000000,"-209,603,648,446"
960,Legislative Branch,1993,George H.W.  Bush,2394000000,"4,160,208,706"
961,Judicial Branch,1993,George H.W.  Bush,2628000000,"4,566,845,647"
962,Department of Agriculture,1993,George H.W.  Bush,63019000000,"109,512,194,000"
963,Department of Commerce,1993,George H.W.  Bush,2797000000,"4,860,527,882"
964,Department of Defense--Military Programs,1993,George H.W.  Bush,278510000000,"483,984,848,235"
965,Department of Education,1993,George H.W.  Bush,30109000000,"52,322,357,529"
966,Department of Energy,1993,George H.W.  Bush,16933000000,"29,425,569,765"
967,Department of Health and Human Services,1993,George H.W.  Bush,253821000000,"441,081,175,412"
968,Department of Homeland Security,1993,George H.W.  Bush,9653000000,"16,774,642,706"
969,Department of Housing and Urban Development,1993,George H.W.  Bush,25181000000,"43,758,653,059"
970,Department of the Interior,1993,George H.W.  Bush,6879000000,"11,954,083,412"
971,Department of Justice,1993,George H.W.  Bush,9485000000,"16,482,698,235"
972,Department of Labor,1993,George H.W.  Bush,45452000000,"78,984,881,412"
973,Department of State,1993,George H.W.  Bush,6385000000,"11,095,627,647"
974,Department of Transportation,1993,George H.W.  Bush,30958000000,"53,797,719,765"
975,Department of the Treasury,1993,George H.W.  Bush,296825000000,"515,812,008,824"
976,Department of Veterans Affairs,1993,George H.W.  Bush,35461000000,"61,622,874,235"
977,Corps of Engineers--Civil Works,1993,George H.W.  Bush,3354000000,"5,828,462,824"
978,Other Defense Civil Programs,1993,George H.W.  Bush,25957000000,"45,107,158,471"
979,Environmental Protection Agency,1993,George H.W.  Bush,5930000000,"10,304,944,706"
980,Executive Office of the President,1993,George H.W.  Bush,194000000,"337,126,353"
981,General Services Administration,1993,George H.W.  Bush,721000000,"1,252,928,353"
982,International Assistance Programs,1993,George H.W.  Bush,11524000000,"20,026,000,471"
983,National Aeronautics and Space Administration,1993,George H.W.  Bush,14305000000,"24,858,724,118"
984,National Science Foundation,1993,George H.W.  Bush,2429000000,"4,221,030,471"
985,Office of Personnel Management,1993,George H.W.  Bush,36794000000,"63,939,314,588"
986,Small Business Administration,1993,George H.W.  Bush,785000000,"1,364,145,294"
987,Social Security Administration,1993,George H.W.  Bush,326492000000,"567,366,274,353"
988,Other Independent Agencies,1993,George H.W.  Bush,-15880000000,"-27,595,703,529"
989,Undistributed Offsetting Receipts,1993,George H.W.  Bush,-119711000000,"-208,029,550,706"
990,Legislative Branch,1994,Bill Clinton,2537000000,"4,298,640,074"
991,Judicial Branch,1994,Bill Clinton,2677000000,"4,535,853,165"
992,Department of Agriculture,1994,Bill Clinton,60615000000,"102,704,796,255"
993,Department of Commerce,1994,Bill Clinton,2915000000,"4,939,115,418"
994,Department of Defense--Military Programs,1994,Bill Clinton,268577000000,"455,071,287,038"
995,Department of Education,1994,Bill Clinton,24557000000,"41,608,870,439"
996,Department of Energy,1994,Bill Clinton,17830000000,"30,210,781,444"
997,Department of Health and Human Services,1994,Bill Clinton,278887000000,"472,540,336,768"
998,Department of Homeland Security,1994,Bill Clinton,10708000000,"18,143,412,659"
999,Department of Housing and Urban Development,1994,Bill Clinton,25845000000,"43,791,230,870"
1000,Department of the Interior,1994,Bill Clinton,7064000000,"11,969,094,791"
1001,Department of Justice,1994,Bill Clinton,9369000000,"15,874,638,887"
1002,Department of Labor,1994,Bill Clinton,37819000000,"64,079,727,618"
1003,Department of State,1994,Bill Clinton,6784000000,"11,494,668,610"
1004,Department of Transportation,1994,Bill Clinton,33563000000,"56,868,449,669"
1005,Department of the Treasury,1994,Bill Clinton,305550000000,"517,717,569,838"
1006,Department of Veterans Affairs,1994,Bill Clinton,37377000000,"63,330,812,004"
1007,Corps of Engineers--Civil Works,1994,Bill Clinton,3483000000,"5,901,522,814"
1008,Other Defense Civil Programs,1994,Bill Clinton,26969000000,"45,695,713,111"
1009,Environmental Protection Agency,1994,Bill Clinton,5855000000,"9,920,590,317"
1010,Executive Office of the President,1994,Bill Clinton,231000000,"391,401,599"
1011,General Services Administration,1994,Bill Clinton,332000000,"562,533,900"
1012,International Assistance Programs,1994,Bill Clinton,10497000000,"17,785,898,644"
1013,National Aeronautics and Space Administration,1994,Bill Clinton,13694000000,"23,202,829,001"
1014,National Science Foundation,1994,Bill Clinton,2605000000,"4,413,857,861"
1015,Office of Personnel Management,1994,Bill Clinton,38596000000,"65,396,260,270"
1016,Small Business Administration,1994,Bill Clinton,779000000,"1,319,921,410"
1017,Social Security Administration,1994,Bill Clinton,345045000000,"584,637,077,024"
1018,Other Independent Agencies,1994,Bill Clinton,4459000000,"7,555,236,930"
1019,Undistributed Offsetting Receipts,1994,Bill Clinton,-123469000000,"-209,203,307,578"
1020,Legislative Branch,1995,Bill Clinton,2609000000,"4,298,806,844"
1021,Judicial Branch,1995,Bill Clinton,2903000000,"4,783,225,860"
1022,Department of Agriculture,1995,Bill Clinton,56550000000,"93,176,514,764"
1023,Department of Commerce,1995,Bill Clinton,3401000000,"5,603,772,356"
1024,Department of Defense--Military Programs,1995,Bill Clinton,259487000000,"427,552,507,277"
1025,Department of Education,1995,Bill Clinton,31205000000,"51,415,970,702"
1026,Department of Energy,1995,Bill Clinton,17608000000,"29,012,415,066"
1027,Department of Health and Human Services,1995,Bill Clinton,303060000000,"499,347,030,315"
1028,Department of Homeland Security,1995,Bill Clinton,9376000000,"15,448,682,625"
1029,Department of Housing and Urban Development,1995,Bill Clinton,29044000000,"47,855,326,168"
1030,Department of the Interior,1995,Bill Clinton,7479000000,"12,323,026,594"
1031,Department of Justice,1995,Bill Clinton,10149000000,"16,722,342,146"
1032,Department of Labor,1995,Bill Clinton,32808000000,"54,057,207,717"
1033,Department of State,1995,Bill Clinton,6263000000,"10,319,443,182"
1034,Department of Transportation,1995,Bill Clinton,35132000000,"57,886,424,698"
1035,Department of the Treasury,1995,Bill Clinton,346875000000,"571,540,292,815"
1036,Department of Veterans Affairs,1995,Bill Clinton,37748000000,"62,196,765,328"
1037,Corps of Engineers--Civil Works,1995,Bill Clinton,3745000000,"6,170,575,558"
1038,Other Defense Civil Programs,1995,Bill Clinton,27972000000,"46,089,009,213"
1039,Environmental Protection Agency,1995,Bill Clinton,6351000000,"10,464,439,350"
1040,Executive Office of the President,1995,Bill Clinton,215000000,"354,252,001"
1041,General Services Administration,1995,Bill Clinton,679000000,"1,118,777,251"
1042,International Assistance Programs,1995,Bill Clinton,11128000000,"18,335,424,514"
1043,National Aeronautics and Space Administration,1995,Bill Clinton,13378000000,"22,042,712,900"
1044,National Science Foundation,1995,Bill Clinton,2814000000,"4,636,582,008"
1045,Office of Personnel Management,1995,Bill Clinton,41276000000,"68,009,793,517"
1046,Small Business Administration,1995,Bill Clinton,677000000,"1,115,481,883"
1047,Social Security Administration,1995,Bill Clinton,361407000000,"595,484,432,736"
1048,Other Independent Agencies,1995,Bill Clinton,-7965000000,"-13,123,800,886"
1049,Undistributed Offsetting Receipts,1995,Bill Clinton,-137632000000,"-226,774,006,719"
1050,Legislative Branch,1996,Bill Clinton,2263000000,"3,621,766,354"
1051,Judicial Branch,1996,Bill Clinton,3059000000,"4,895,706,265"
1052,Department of Agriculture,1996,Bill Clinton,54218000000,"86,771,952,365"
1053,Department of Commerce,1996,Bill Clinton,3702000000,"5,924,780,841"
1054,Department of Defense--Military Programs,1996,Bill Clinton,253196000000,"405,221,720,663"
1055,Department of Education,1996,Bill Clinton,29727000000,"47,575,894,130"
1056,Department of Energy,1996,Bill Clinton,16195000000,"25,918,915,647"
1057,Department of Health and Human Services,1996,Bill Clinton,319788000000,"511,797,357,017"
1058,Department of Homeland Security,1996,Bill Clinton,9692000000,"15,511,338,713"
1059,Department of Housing and Urban Development,1996,Bill Clinton,25236000000,"40,388,376,367"
1060,Department of the Interior,1996,Bill Clinton,6776000000,"10,844,493,512"
1061,Department of Justice,1996,Bill Clinton,11049000000,"17,683,118,184"
1062,Department of Labor,1996,Bill Clinton,33163000000,"53,074,961,383"
1063,Department of State,1996,Bill Clinton,5730000000,"9,170,446,845"
1064,Department of Transportation,1996,Bill Clinton,35144000000,"56,245,407,317"
1065,Department of the Treasury,1996,Bill Clinton,362862000000,"580,734,150,631"
1066,Department of Veterans Affairs,1996,Bill Clinton,36896000000,"59,049,355,462"
1067,Corps of Engineers--Civil Works,1996,Bill Clinton,3627000000,"5,804,748,815"
1068,Other Defense Civil Programs,1996,Bill Clinton,28947000000,"46,327,561,052"
1069,Environmental Protection Agency,1996,Bill Clinton,6046000000,"9,676,181,785"
1070,Executive Office of the President,1996,Bill Clinton,202000000,"323,286,259"
1071,General Services Administration,1996,Bill Clinton,560000000,"896,239,133"
1072,International Assistance Programs,1996,Bill Clinton,9665000000,"15,468,127,183"
1073,National Aeronautics and Space Administration,1996,Bill Clinton,13881000000,"22,215,527,514"
1074,National Science Foundation,1996,Bill Clinton,2988000000,"4,782,075,946"
1075,Office of Personnel Management,1996,Bill Clinton,42870000000,"68,610,306,501"
1076,Small Business Administration,1996,Bill Clinton,873000000,"1,397,172,792"
1077,Social Security Administration,1996,Bill Clinton,374563000000,"599,460,747,234"
1078,Other Independent Agencies,1996,Bill Clinton,2563000000,"4,101,894,461"
1079,Undistributed Offsetting Receipts,1996,Bill Clinton,-134997000000,"-216,052,846,902"
1080,Legislative Branch,1997,Bill Clinton,2348000000,"3,673,515,489"
1081,Judicial Branch,1997,Bill Clinton,3259000000,"5,098,801,950"
1082,Department of Agriculture,1997,Bill Clinton,52393000000,"81,970,399,072"
1083,Department of Commerce,1997,Bill Clinton,3782000000,"5,917,050,928"
1084,Department of Defense--Military Programs,1997,Bill Clinton,258262000000,"404,058,542,268"
1085,Department of Education,1997,Bill Clinton,30009000000,"46,949,968,617"
1086,Department of Energy,1997,Bill Clinton,14458000000,"22,619,968,885"
1087,Department of Health and Human Services,1997,Bill Clinton,339514000000,"531,179,700,922"
1088,Department of Homeland Security,1997,Bill Clinton,10533000000,"16,479,190,224"
1089,Department of Housing and Urban Development,1997,Bill Clinton,27527000000,"43,066,806,162"
1090,Department of the Interior,1997,Bill Clinton,6763000000,"10,580,913,651"
1091,Department of Justice,1997,Bill Clinton,13076000000,"20,457,788,984"
1092,Department of Labor,1997,Bill Clinton,31088000000,"48,638,096,050"
1093,Department of State,1997,Bill Clinton,6029000000,"9,432,548,928"
1094,Department of Transportation,1997,Bill Clinton,36072000000,"56,435,711,551"
1095,Department of the Treasury,1997,Bill Clinton,377491000000,"590,595,841,352"
1096,Department of Veterans Affairs,1997,Bill Clinton,39253000000,"61,412,480,193"
1097,Corps of Engineers--Civil Works,1997,Bill Clinton,3598000000,"5,629,177,483"
1098,Other Defense Civil Programs,1997,Bill Clinton,30279000000,"47,372,391,607"
1099,Environmental Protection Agency,1997,Bill Clinton,6164000000,"9,643,760,424"
1100,Executive Office of the President,1997,Bill Clinton,221000000,"345,761,040"
1101,General Services Administration,1997,Bill Clinton,882000000,"1,379,915,103"
1102,International Assistance Programs,1997,Bill Clinton,10075000000,"15,762,635,670"
1103,National Aeronautics and Space Administration,1997,Bill Clinton,14360000000,"22,466,644,984"
1104,National Science Foundation,1997,Bill Clinton,3093000000,"4,839,090,037"
1105,Office of Personnel Management,1997,Bill Clinton,45404000000,"71,035,901,732"
1106,Small Business Administration,1997,Bill Clinton,333000000,"520,988,355"
1107,Social Security Administration,1997,Bill Clinton,392681000000,"614,361,045,900"
1108,Other Independent Agencies,1997,Bill Clinton,-2862000000,"-4,477,683,701"
1109,Undistributed Offsetting Receipts,1997,Bill Clinton,-154969000000,"-242,453,586,810"
1110,Legislative Branch,1998,Bill Clinton,2572000000,"3,962,252,785"
1111,Judicial Branch,1998,Bill Clinton,3459000000,"5,328,706,215"
1112,Department of Agriculture,1998,Bill Clinton,53800000000,"82,880,715,337"
1113,Department of Commerce,1998,Bill Clinton,4036000000,"6,217,594,184"
1114,Department of Defense--Military Programs,1998,Bill Clinton,255793000000,"394,057,747,552"
1115,Department of Education,1998,Bill Clinton,31294000000,"48,209,462,933"
1116,Department of Energy,1998,Bill Clinton,14414000000,"22,205,253,362"
1117,Department of Health and Human Services,1998,Bill Clinton,350341000000,"539,712,131,822"
1118,Department of Homeland Security,1998,Bill Clinton,10617000000,"16,355,846,742"
1119,Department of Housing and Urban Development,1998,Bill Clinton,30181000000,"46,494,848,877"
1120,Department of the Interior,1998,Bill Clinton,7222000000,"11,125,734,687"
1121,Department of Justice,1998,Bill Clinton,14045000000,"21,636,796,411"
1122,Department of Labor,1998,Bill Clinton,30580000000,"47,109,521,840"
1123,Department of State,1998,Bill Clinton,5396000000,"8,312,720,074"
1124,Department of Transportation,1998,Bill Clinton,35554000000,"54,772,136,675"
1125,Department of the Treasury,1998,Bill Clinton,389005000000,"599,275,328,436"
1126,Department of Veterans Affairs,1998,Bill Clinton,41724000000,"64,277,229,865"
1127,Corps of Engineers--Civil Works,1998,Bill Clinton,3775000000,"5,815,514,877"
1128,Other Defense Civil Programs,1998,Bill Clinton,31204000000,"48,070,814,896"
1129,Environmental Protection Agency,1998,Bill Clinton,6269000000,"9,657,606,031"
1130,Executive Office of the President,1998,Bill Clinton,237000000,"365,106,497"
1131,General Services Administration,1998,Bill Clinton,826000000,"1,272,480,871"
1132,International Assistance Programs,1998,Bill Clinton,8886000000,"13,689,182,834"
1133,National Aeronautics and Space Administration,1998,Bill Clinton,14194000000,"21,866,335,939"
1134,National Science Foundation,1998,Bill Clinton,3143000000,"4,841,897,552"
1135,Office of Personnel Management,1998,Bill Clinton,46297000000,"71,322,090,669"
1136,Small Business Administration,1998,Bill Clinton,-77000000,"-118,621,098"
1137,Social Security Administration,1998,Bill Clinton,407610000000,"627,936,958,712"
1138,Other Independent Agencies,1998,Bill Clinton,11095000000,"17,092,221,871"
1139,Undistributed Offsetting Receipts,1998,Bill Clinton,-161034000000,"-248,078,310,663"
1140,Legislative Branch,1999,Bill Clinton,2592000000,"3,906,778,776"
1141,Judicial Branch,1999,Bill Clinton,3789000000,"5,710,950,918"
1142,Department of Agriculture,1999,Bill Clinton,62690000000,"94,489,182,653"
1143,Department of Commerce,1999,Bill Clinton,5020000000,"7,566,369,388"
1144,Department of Defense--Military Programs,1999,Bill Clinton,261196000000,"393,686,338,367"
1145,Department of Education,1999,Bill Clinton,31285000000,"47,154,156,633"
1146,Department of Energy,1999,Bill Clinton,15879000000,"23,933,541,735"
1147,Department of Health and Human Services,1999,Bill Clinton,359429000000,"541,747,526,429"
1148,Department of Homeland Security,1999,Bill Clinton,13321000000,"20,078,009,286"
1149,Department of Housing and Urban Development,1999,Bill Clinton,32693000000,"49,276,357,449"
1150,Department of the Interior,1999,Bill Clinton,7783000000,"11,730,887,041"
1151,Department of Justice,1999,Bill Clinton,16181000000,"24,388,729,694"
1152,Department of Labor,1999,Bill Clinton,32995000000,"49,731,545,408"
1153,Department of State,1999,Bill Clinton,6554000000,"9,878,483,061"
1154,Department of Transportation,1999,Bill Clinton,37672000000,"56,780,929,796"
1155,Department of the Treasury,1999,Bill Clinton,385045000000,"580,357,111,735"
1156,Department of Veterans Affairs,1999,Bill Clinton,43125000000,"64,999,936,224"
1157,Corps of Engineers--Civil Works,1999,Bill Clinton,3934000000,"5,929,501,429"
1158,Other Defense Civil Programs,1999,Bill Clinton,31987000000,"48,212,242,551"
1159,Environmental Protection Agency,1999,Bill Clinton,6733000000,"10,148,279,898"
1160,Executive Office of the President,1999,Bill Clinton,417000000,"628,521,122"
1161,General Services Administration,1999,Bill Clinton,-413000000,"-622,492,143"
1162,International Assistance Programs,1999,Bill Clinton,10070000000,"15,177,956,122"
1163,National Aeronautics and Space Administration,1999,Bill Clinton,13636000000,"20,552,791,429"
1164,National Science Foundation,1999,Bill Clinton,3246000000,"4,892,516,939"
1165,Office of Personnel Management,1999,Bill Clinton,47519000000,"71,622,770,306"
1166,Small Business Administration,1999,Bill Clinton,57000000,"85,912,959"
1167,Social Security Administration,1999,Bill Clinton,419233000000,"631,886,800,306"
1168,Other Independent Agencies,1999,Bill Clinton,7210000000,"10,867,235,714"
1169,Undistributed Offsetting Receipts,1999,Bill Clinton,-159036000000,"-239,706,199,592"
1170,Legislative Branch,2000,Bill Clinton,2871000000,"4,186,574,895"
1171,Judicial Branch,2000,Bill Clinton,4057000000,"5,916,034,257"
1172,Department of Agriculture,2000,Bill Clinton,75071000000,"109,470,694,524"
1173,Department of Commerce,2000,Bill Clinton,7788000000,"11,356,685,923"
1174,Department of Defense--Military Programs,2000,Bill Clinton,281028000000,"409,803,124,251"
1175,Department of Education,2000,Bill Clinton,33476000000,"48,815,667,433"
1176,Department of Energy,2000,Bill Clinton,14971000000,"21,831,143,420"
1177,Department of Health and Human Services,2000,Bill Clinton,382311000000,"557,496,912,178"
1178,Department of Homeland Security,2000,Bill Clinton,13159000000,"19,188,832,828"
1179,Department of Housing and Urban Development,2000,Bill Clinton,30781000000,"44,885,740,807"
1180,Department of the Interior,2000,Bill Clinton,7998000000,"11,662,913,972"
1181,Department of Justice,2000,Bill Clinton,16846000000,"24,565,322,427"
1182,Department of Labor,2000,Bill Clinton,31873000000,"46,478,126,661"
1183,Department of State,2000,Bill Clinton,6687000000,"9,751,176,010"
1184,Department of Transportation,2000,Bill Clinton,41555000000,"60,596,697,938"
1185,Department of the Treasury,2000,Bill Clinton,390524000000,"569,473,345,343"
1186,Department of Veterans Affairs,2000,Bill Clinton,47044000000,"68,600,915,842"
1187,Corps of Engineers--Civil Works,2000,Bill Clinton,4229000000,"6,166,849,611"
1188,Other Defense Civil Programs,2000,Bill Clinton,32801000000,"47,831,362,991"
1189,Environmental Protection Agency,2000,Bill Clinton,7223000000,"10,532,786,649"
1190,Executive Office of the President,2000,Bill Clinton,283000000,"412,678,751"
1191,General Services Administration,2000,Bill Clinton,74000000,"107,908,931"
1192,International Assistance Programs,2000,Bill Clinton,12087000000,"17,625,611,551"
1193,National Aeronautics and Space Administration,2000,Bill Clinton,13428000000,"19,581,096,376"
1194,National Science Foundation,2000,Bill Clinton,3448000000,"5,027,972,915"
1195,Office of Personnel Management,2000,Bill Clinton,48655000000,"70,950,122,445"
1196,Small Business Administration,2000,Bill Clinton,-421000000,"-613,914,326"
1197,Social Security Administration,2000,Bill Clinton,441290000000,"643,501,788,792"
1198,Other Independent Agencies,2000,Bill Clinton,10832000000,"15,795,534,402"
1199,Undistributed Offsetting Receipts,2000,Bill Clinton,-173019000000,"-252,301,289,390"
1200,Legislative Branch,2001,Bill Clinton,2959000000,"4,195,514,472"
1201,Judicial Branch,2001,Bill Clinton,4381000000,"6,211,743,461"
1202,Department of Agriculture,2001,Bill Clinton,68071000000,"96,516,683,213"
1203,Department of Commerce,2001,Bill Clinton,5003000000,"7,093,666,409"
1204,Department of Defense--Military Programs,2001,Bill Clinton,290185000000,"411,448,248,419"
1205,Department of Education,2001,Bill Clinton,35523000000,"50,367,441,903"
1206,Department of Energy,2001,Bill Clinton,16319000000,"23,138,425,370"
1207,Department of Health and Human Services,2001,Bill Clinton,425885000000,"603,854,910,757"
1208,Department of Homeland Security,2001,Bill Clinton,14980000000,"21,239,880,632"
1209,Department of Housing and Urban Development,2001,Bill Clinton,33865000000,"48,016,592,631"
1210,Department of the Interior,2001,Bill Clinton,7743000000,"10,978,664,602"
1211,Department of Justice,2001,Bill Clinton,18443000000,"26,150,007,911"
1212,Department of Labor,2001,Bill Clinton,39707000000,"56,299,862,501"
1213,Department of State,2001,Bill Clinton,7487000000,"10,615,686,669"
1214,Department of Transportation,2001,Bill Clinton,49231000000,"69,803,775,929"
1215,Department of the Treasury,2001,Bill Clinton,388268000000,"550,518,422,789"
1216,Department of Veterans Affairs,2001,Bill Clinton,45012000000,"63,821,729,441"
1217,Corps of Engineers--Civil Works,2001,Bill Clinton,4640000000,"6,578,975,042"
1218,Other Defense Civil Programs,2001,Bill Clinton,34131000000,"48,393,749,390"
1219,Environmental Protection Agency,2001,Bill Clinton,7367000000,"10,445,540,762"
1220,Executive Office of the President,2001,Bill Clinton,246000000,"348,799,108"
1221,General Services Administration,2001,Bill Clinton,-309000000,"-438,125,709"
1222,International Assistance Programs,2001,Bill Clinton,11804000000,"16,736,685,647"
1223,National Aeronautics and Space Administration,2001,Bill Clinton,14092000000,"19,980,800,926"
1224,National Science Foundation,2001,Bill Clinton,3662000000,"5,192,285,906"
1225,Office of Personnel Management,2001,Bill Clinton,50894000000,"72,161,714,613"
1226,Small Business Administration,2001,Bill Clinton,-570000000,"-808,193,055"
1227,Social Security Administration,2001,Bill Clinton,461264000000,"654,018,177,572"
1228,Other Independent Agencies,2001,Bill Clinton,13688000000,"19,407,976,375"
1229,Undistributed Offsetting Receipts,2001,Bill Clinton,-191125000000,"-270,992,802,795"
1230,Legislative Branch,2002,George W. Bush,3187000000,"4,448,460,306"
1231,Judicial Branch,2002,George W. Bush,4828000000,"6,738,991,640"
1232,Department of Agriculture,2002,George W. Bush,68622000000,"95,783,571,729"
1233,Department of Commerce,2002,George W. Bush,5312000000,"7,414,565,781"
1234,Department of Defense--Military Programs,2002,George W. Bush,331845000000,"463,194,010,089"
1235,Department of Education,2002,George W. Bush,46373000000,"64,728,098,449"
1236,Department of Energy,2002,George W. Bush,17669000000,"24,662,643,596"
1237,Department of Health and Human Services,2002,George W. Bush,465326000000,"649,508,704,180"
1238,Department of Homeland Security,2002,George W. Bush,17570000000,"24,524,457,977"
1239,Department of Housing and Urban Development,2002,George W. Bush,31788000000,"44,370,146,281"
1240,Department of the Interior,2002,George W. Bush,9739000000,"13,593,835,870"
1241,Department of Justice,2002,George W. Bush,21178000000,"29,560,556,120"
1242,Department of Labor,2002,George W. Bush,64686000000,"90,289,646,481"
1243,Department of State,2002,George W. Bush,9327000000,"13,018,760,361"
1244,Department of Transportation,2002,George W. Bush,56252000000,"78,517,348,327"
1245,Department of the Treasury,2002,George W. Bush,371187000000,"518,108,137,904"
1246,Department of Veterans Affairs,2002,George W. Bush,50868000000,"71,002,283,913"
1247,Corps of Engineers--Civil Works,2002,George W. Bush,4727000000,"6,598,014,391"
1248,Other Defense Civil Programs,2002,George W. Bush,35136000000,"49,043,332,696"
1249,Environmental Protection Agency,2002,George W. Bush,7451000000,"10,400,212,657"
1250,Executive Office of the President,2002,George W. Bush,451000000,"629,512,268"
1251,General Services Administration,2002,George W. Bush,-684000000,"-954,737,009"
1252,International Assistance Programs,2002,George W. Bush,13289000000,"18,548,976,782"
1253,National Aeronautics and Space Administration,2002,George W. Bush,14405000000,"20,106,705,586"
1254,National Science Foundation,2002,George W. Bush,4155000000,"5,799,608,588"
1255,Office of Personnel Management,2002,George W. Bush,52540000000,"73,336,085,492"
1256,Small Business Administration,2002,George W. Bush,493000000,"688,136,470"
1257,Social Security Administration,2002,George W. Bush,487826000000,"680,914,526,859"
1258,Other Independent Agencies,2002,George W. Bush,16054000000,"22,408,403,435"
1259,Undistributed Offsetting Receipts,2002,George W. Bush,-200706000000,"-280,148,313,185"
1260,Legislative Branch,2003,George W. Bush,3396000000,"4,634,561,804"
1261,Judicial Branch,2003,George W. Bush,5127000000,"6,996,878,201"
1262,Department of Agriculture,2003,George W. Bush,72737000000,"99,265,053,582"
1263,Department of Commerce,2003,George W. Bush,5665000000,"7,731,093,234"
1264,Department of Defense--Military Programs,2003,George W. Bush,388686000000,"530,444,431,533"
1265,Department of Education,2003,George W. Bush,57145000000,"77,986,464,755"
1266,Department of Energy,2003,George W. Bush,19379000000,"26,446,753,005"
1267,Department of Health and Human Services,2003,George W. Bush,504922000000,"689,073,090,511"
1268,Department of Homeland Security,2003,George W. Bush,31970000000,"43,629,841,250"
1269,Department of Housing and Urban Development,2003,George W. Bush,37410000000,"51,053,874,293"
1270,Department of the Interior,2003,George W. Bush,9193000000,"12,545,797,016"
1271,Department of Justice,2003,George W. Bush,20790000000,"28,372,361,576"
1272,Department of Labor,2003,George W. Bush,69563000000,"94,933,457,832"
1273,Department of State,2003,George W. Bush,9343000000,"12,750,503,810"
1274,Department of Transportation,2003,George W. Bush,50764000000,"69,278,237,761"
1275,Department of the Treasury,2003,George W. Bush,368256000000,"502,563,366,261"
1276,Department of Veterans Affairs,2003,George W. Bush,56921000000,"77,680,769,277"
1277,Corps of Engineers--Civil Works,2003,George W. Bush,4682000000,"6,389,581,380"
1278,Other Defense Civil Programs,2003,George W. Bush,39874000000,"54,416,524,554"
1279,Environmental Protection Agency,2003,George W. Bush,8041000000,"10,973,648,842"
1280,Executive Office of the President,2003,George W. Bush,386000000,"526,778,815"
1281,General Services Administration,2003,George W. Bush,589000000,"803,815,342"
1282,International Assistance Programs,2003,George W. Bush,13449000000,"18,354,011,103"
1283,National Aeronautics and Space Administration,2003,George W. Bush,14610000000,"19,938,441,685"
1284,National Science Foundation,2003,George W. Bush,4690000000,"6,400,499,076"
1285,Office of Personnel Management,2003,George W. Bush,54135000000,"73,878,681,766"
1286,Small Business Administration,2003,George W. Bush,1558000000,"2,126,221,228"
1287,Social Security Administration,2003,George W. Bush,507733000000,"692,909,295,821"
1288,Other Independent Agencies,2003,George W. Bush,9334000000,"12,738,221,402"
1289,Undistributed Offsetting Receipts,2003,George W. Bush,-210449000000,"-287,202,266,538"
1290,Legislative Branch,2004,George W. Bush,3890000000,"5,171,022,922"
1291,Judicial Branch,2004,George W. Bush,5389000000,"7,163,661,318"
1292,Department of Agriculture,2004,George W. Bush,71560000000,"95,125,552,779"
1293,Department of Commerce,2004,George W. Bush,5829000000,"7,748,558,512"
1294,Department of Defense--Military Programs,2004,George W. Bush,437034000000,"580,954,455,469"
1295,Department of Education,2004,George W. Bush,62780000000,"83,454,195,130"
1296,Department of Energy,2004,George W. Bush,19892000000,"26,442,670,429"
1297,Department of Health and Human Services,2004,George W. Bush,542982000000,"721,792,382,605"
1298,Department of Homeland Security,2004,George W. Bush,26575000000,"35,326,461,223"
1299,Department of Housing and Urban Development,2004,George W. Bush,44984000000,"59,797,762,245"
1300,Department of the Interior,2004,George W. Bush,8606000000,"11,440,057,395"
1301,Department of Justice,2004,George W. Bush,29601000000,"39,348,958,745"
1302,Department of Labor,2004,George W. Bush,56687000000,"75,354,698,301"
1303,Department of State,2004,George W. Bush,10915000000,"14,509,438,354"
1304,Department of Transportation,2004,George W. Bush,54879000000,"72,951,302,557"
1305,Department of the Treasury,2004,George W. Bush,375844000000,"499,613,866,109"
1306,Department of Veterans Affairs,2004,George W. Bush,59554000000,"79,165,835,246"
1307,Corps of Engineers--Civil Works,2004,George W. Bush,4728000000,"6,284,986,215"
1308,Other Defense Civil Programs,2004,George W. Bush,41726000000,"55,466,864,383"
1309,Environmental Protection Agency,2004,George W. Bush,8328000000,"11,070,508,714"
1310,Executive Office of the President,2004,George W. Bush,3349000000,"4,451,865,236"
1311,General Services Administration,2004,George W. Bush,-451000000,"-599,519,624"
1312,International Assistance Programs,2004,George W. Bush,13639000000,"18,130,483,711"
1313,National Aeronautics and Space Administration,2004,George W. Bush,15152000000,"20,141,732,472"
1314,National Science Foundation,2004,George W. Bush,5092000000,"6,768,855,712"
1315,Office of Personnel Management,2004,George W. Bush,56547000000,"75,168,594,648"
1316,Small Business Administration,2004,George W. Bush,4075000000,"5,416,945,606"
1317,Social Security Administration,2004,George W. Bush,530208000000,"704,811,753,605"
1318,Other Independent Agencies,2004,George W. Bush,5973000000,"7,939,979,412"
1319,Undistributed Offsetting Receipts,2004,George W. Bush,-212526000000,"-282,513,320,709"
1320,Legislative Branch,2005,George W. Bush,3984000000,"5,122,428,510"
1321,Judicial Branch,2005,George W. Bush,5547000000,"7,132,055,960"
1322,Department of Agriculture,2005,George W. Bush,85308000000,"109,684,771,920"
1323,Department of Commerce,2005,George W. Bush,6147000000,"7,903,506,037"
1324,Department of Defense--Military Programs,2005,George W. Bush,474354000000,"609,900,716,221"
1325,Department of Education,2005,George W. Bush,72858000000,"93,677,182,826"
1326,Department of Energy,2005,George W. Bush,21271000000,"27,349,190,973"
1327,Department of Health and Human Services,2005,George W. Bush,581390000000,"747,522,266,923"
1328,Department of Homeland Security,2005,George W. Bush,38697000000,"49,754,672,704"
1329,Department of Housing and Urban Development,2005,George W. Bush,42453000000,"54,583,950,184"
1330,Department of the Interior,2005,George W. Bush,9292000000,"11,947,190,189"
1331,Department of Justice,2005,George W. Bush,22361000000,"28,750,658,612"
1332,Department of Labor,2005,George W. Bush,46949000000,"60,364,682,760"
1333,Department of State,2005,George W. Bush,12748000000,"16,390,742,632"
1334,Department of Transportation,2005,George W. Bush,56596000000,"72,768,314,245"
1335,Department of the Treasury,2005,George W. Bush,410240000000,"527,466,132,514"
1336,Department of Veterans Affairs,2005,George W. Bush,69815000000,"89,764,645,187"
1337,Corps of Engineers--Civil Works,2005,George W. Bush,4719000000,"6,067,454,854"
1338,Other Defense Civil Programs,2005,George W. Bush,43481000000,"55,905,701,316"
1339,Environmental Protection Agency,2005,George W. Bush,7913000000,"10,174,140,763"
1340,Executive Office of the President,2005,George W. Bush,7686000000,"9,882,275,484"
1341,General Services Administration,2005,George W. Bush,20000000,"25,715,003"
1342,International Assistance Programs,2005,George W. Bush,15024000000,"19,317,109,923"
1343,National Aeronautics and Space Administration,2005,George W. Bush,15602000000,"20,060,273,497"
1344,National Science Foundation,2005,George W. Bush,5403000000,"6,946,907,942"
1345,Office of Personnel Management,2005,George W. Bush,59500000000,"76,502,132,616"
1346,Small Business Administration,2005,George W. Bush,2502000000,"3,216,946,820"
1347,Social Security Administration,2005,George W. Bush,561335000000,"721,736,548,105"
1348,Other Independent Agencies,2005,George W. Bush,14975000000,"19,254,108,167"
1349,Undistributed Offsetting Receipts,2005,George W. Bush,-226213000000,"-290,853,393,707"
1350,Legislative Branch,2006,George W. Bush,4101000000,"5,108,084,360"
1351,Judicial Branch,2006,George W. Bush,5823000000,"7,252,956,652"
1352,Department of Agriculture,2006,George W. Bush,93533000000,"116,501,939,638"
1353,Department of Commerce,2006,George W. Bush,6372000000,"7,936,774,821"
1354,Department of Defense--Military Programs,2006,George W. Bush,499344000000,"621,968,124,048"
1355,Department of Education,2006,George W. Bush,93368000000,"116,296,420,516"
1356,Department of Energy,2006,George W. Bush,19649000000,"24,474,213,507"
1357,Department of Health and Human Services,2006,George W. Bush,614274000000,"765,121,534,315"
1358,Department of Homeland Security,2006,George W. Bush,69025000000,"85,975,499,380"
1359,Department of Housing and Urban Development,2006,George W. Bush,42435000000,"52,855,781,473"
1360,Department of the Interior,2006,George W. Bush,9037000000,"11,256,220,035"
1361,Department of Justice,2006,George W. Bush,23324000000,"29,051,684,861"
1362,Department of Labor,2006,George W. Bush,43138000000,"53,731,417,490"
1363,Department of State,2006,George W. Bush,12953000000,"16,133,873,864"
1364,Department of Transportation,2006,George W. Bush,60139000000,"74,907,360,481"
1365,Department of the Treasury,2006,George W. Bush,464675000000,"578,785,442,584"
1366,Department of Veterans Affairs,2006,George W. Bush,69777000000,"86,912,168,348"
1367,Corps of Engineers--Civil Works,2006,George W. Bush,6944000000,"8,649,241,111"
1368,Other Defense Civil Programs,2006,George W. Bush,44435000000,"55,346,922,346"
1369,Environmental Protection Agency,2006,George W. Bush,8321000000,"10,364,391,602"
1370,Executive Office of the President,2006,George W. Bush,5379000000,"6,699,923,378"
1371,General Services Administration,2006,George W. Bush,24000000,"29,893,690"
1372,International Assistance Programs,2006,George W. Bush,13917000000,"17,334,603,765"
1373,National Aeronautics and Space Administration,2006,George W. Bush,15125000000,"18,839,252,852"
1374,National Science Foundation,2006,George W. Bush,5510000000,"6,863,093,105"
1375,Office of Personnel Management,2006,George W. Bush,62400000000,"77,723,595,238"
1376,Small Business Administration,2006,George W. Bush,905000000,"1,127,241,245"
1377,Social Security Administration,2006,George W. Bush,585743000000,"729,584,164,191"
1378,Other Independent Agencies,2006,George W. Bush,12928000000,"16,102,734,603"
1379,Undistributed Offsetting Receipts,2006,George W. Bush,-237548000000,"-295,882,766,052"
1380,Legislative Branch,2007,George W. Bush,4294000000,"5,201,415,620"
1381,Judicial Branch,2007,George W. Bush,6006000000,"7,275,198,466"
1382,Department of Agriculture,2007,George W. Bush,84427000000,"102,268,261,886"
1383,Department of Commerce,2007,George W. Bush,6475000000,"7,843,308,370"
1384,Department of Defense--Military Programs,2007,George W. Bush,528578000000,"640,278,031,095"
1385,Department of Education,2007,George W. Bush,66372000000,"80,397,847,583"
1386,Department of Energy,2007,George W. Bush,20116000000,"24,366,948,442"
1387,Department of Health and Human Services,2007,George W. Bush,671982000000,"813,986,416,179"
1388,Department of Homeland Security,2007,George W. Bush,39156000000,"47,430,514,674"
1389,Department of Housing and Urban Development,2007,George W. Bush,45561000000,"55,189,030,521"
1390,Department of the Interior,2007,George W. Bush,10469000000,"12,681,327,463"
1391,Department of Justice,2007,George W. Bush,23349000000,"28,283,151,679"
1392,Department of Labor,2007,George W. Bush,47544000000,"57,591,081,563"
1393,Department of State,2007,George W. Bush,13737000000,"16,639,926,961"
1394,Department of Transportation,2007,George W. Bush,61697000000,"74,734,918,374"
1395,Department of the Treasury,2007,George W. Bush,490589000000,"594,261,128,910"
1396,Department of Veterans Affairs,2007,George W. Bush,72792000000,"88,174,533,256"
1397,Corps of Engineers--Civil Works,2007,George W. Bush,3918000000,"4,745,958,640"
1398,Other Defense Civil Programs,2007,George W. Bush,47112000000,"57,067,790,564"
1399,Environmental Protection Agency,2007,George W. Bush,8259000000,"10,004,306,382"
1400,Executive Office of the President,2007,George W. Bush,2956000000,"3,580,667,110"
1401,General Services Administration,2007,George W. Bush,27000000,"32,705,687"
1402,International Assistance Programs,2007,George W. Bush,12752000000,"15,446,775,031"
1403,National Aeronautics and Space Administration,2007,George W. Bush,15861000000,"19,212,774,370"
1404,National Science Foundation,2007,George W. Bush,5488000000,"6,647,733,796"
1405,Office of Personnel Management,2007,George W. Bush,58431000000,"70,778,741,520"
1406,Small Business Administration,2007,George W. Bush,1175000000,"1,423,303,063"
1407,Social Security Administration,2007,George W. Bush,621763000000,"753,155,048,919"
1408,Other Independent Agencies,2007,George W. Bush,18006000000,"21,811,059,537"
1409,Undistributed Offsetting Receipts,2007,George W. Bush,-260206000000,"-315,193,188,818"
1410,Legislative Branch,2008,George W. Bush,4408000000,"5,141,032,201"
1411,Judicial Branch,2008,George W. Bush,6347000000,"7,402,479,896"
1412,Department of Agriculture,2008,George W. Bush,90795000000,"105,893,833,644"
1413,Department of Commerce,2008,George W. Bush,7721000000,"9,004,970,423"
1414,Department of Defense--Military Programs,2008,George W. Bush,594662000000,"693,551,835,478"
1415,Department of Education,2008,George W. Bush,65963000000,"76,932,374,565"
1416,Department of Energy,2008,George W. Bush,21400000000,"24,958,731,648"
1417,Department of Health and Human Services,2008,George W. Bush,700442000000,"816,922,612,755"
1418,Department of Homeland Security,2008,George W. Bush,40676000000,"47,440,250,865"
1419,Department of Housing and Urban Development,2008,George W. Bush,49088000000,"57,251,131,735"
1420,Department of the Interior,2008,George W. Bush,9817000000,"11,449,526,570"
1421,Department of Justice,2008,George W. Bush,26545000000,"30,959,323,906"
1422,Department of Labor,2008,George W. Bush,58838000000,"68,622,516,481"
1423,Department of State,2008,George W. Bush,17493000000,"20,402,013,678"
1424,Department of Transportation,2008,George W. Bush,64944000000,"75,743,919,072"
1425,Department of the Treasury,2008,George W. Bush,548797000000,"640,059,675,337"
1426,Department of Veterans Affairs,2008,George W. Bush,84749000000,"98,842,408,805"
1427,Corps of Engineers--Civil Works,2008,George W. Bush,5075000000,"5,918,951,547"
1428,Other Defense Civil Programs,2008,George W. Bush,45785000000,"53,398,856,472"
1429,Environmental Protection Agency,2008,George W. Bush,7939000000,"9,259,222,923"
1430,Executive Office of the President,2008,George W. Bush,1173000000,"1,368,065,057"
1431,General Services Administration,2008,George W. Bush,343000000,"400,039,484"
1432,International Assistance Programs,2008,George W. Bush,11359000000,"13,247,954,803"
1433,National Aeronautics and Space Administration,2008,George W. Bush,17833000000,"20,798,554,275"
1434,National Science Foundation,2008,George W. Bush,5785000000,"6,747,021,616"
1435,Office of Personnel Management,2008,George W. Bush,64393000000,"75,101,290,047"
1436,Small Business Administration,2008,George W. Bush,528000000,"615,804,220"
1437,Social Security Administration,2008,George W. Bush,657799000000,"767,188,257,911"
1438,Other Independent Agencies,2008,George W. Bush,49638000000,"57,892,594,465"
1439,Undistributed Offsetting Receipts,2008,George W. Bush,-277791000000,"-323,986,496,412"
1440,Legislative Branch,2009,George W. Bush,4704000000,"5,505,844,344"
1441,Judicial Branch,2009,George W. Bush,6645000000,"7,777,707,412"
1442,Department of Agriculture,2009,George W. Bush,114440000000,"133,947,454,658"
1443,Department of Commerce,2009,George W. Bush,10718000000,"12,544,991,428"
1444,Department of Defense--Military Programs,2009,George W. Bush,636775000000,"745,319,734,708"
1445,Department of Education,2009,George W. Bush,53389000000,"62,489,694,659"
1446,Department of Energy,2009,George W. Bush,23683000000,"27,720,006,717"
1447,Department of Health and Human Services,2009,George W. Bush,796267000000,"931,998,758,112"
1448,Department of Homeland Security,2009,George W. Bush,51719000000,"60,535,026,280"
1449,Department of Housing and Urban Development,2009,George W. Bush,61019000000,"71,420,305,276"
1450,Department of the Interior,2009,George W. Bush,11775000000,"13,782,167,761"
1451,Department of Justice,2009,George W. Bush,27711000000,"32,434,620,028"
1452,Department of Labor,2009,George W. Bush,138157000000,"161,707,257,019"
1453,Department of State,2009,George W. Bush,21427000000,"25,079,448,715"
1454,Department of Transportation,2009,George W. Bush,73004000000,"85,448,269,660"
1455,Department of the Treasury,2009,George W. Bush,701775000000,"821,399,641,670"
1456,Department of Veterans Affairs,2009,George W. Bush,95457000000,"111,728,610,445"
1457,Corps of Engineers--Civil Works,2009,George W. Bush,6842000000,"8,008,288,053"
1458,Other Defense Civil Programs,2009,George W. Bush,57276000000,"67,039,273,095"
1459,Environmental Protection Agency,2009,George W. Bush,8070000000,"9,445,613,064"
1460,Executive Office of the President,2009,George W. Bush,743000000,"869,651,860"
1461,General Services Administration,2009,George W. Bush,319000000,"373,376,774"
1462,International Assistance Programs,2009,George W. Bush,14797000000,"17,319,298,205"
1463,National Aeronautics and Space Administration,2009,George W. Bush,19168000000,"22,435,379,333"
1464,National Science Foundation,2009,George W. Bush,5958000000,"6,973,601,318"
1465,Office of Personnel Management,2009,George W. Bush,72302000000,"84,626,606,665"
1466,Small Business Administration,2009,George W. Bush,2246000000,"2,628,853,401"
1467,Social Security Administration,2009,George W. Bush,727549000000,"851,567,080,471"
1468,Other Independent Agencies,2009,George W. Bush,47935000000,"56,106,005,235"
1469,Undistributed Offsetting Receipts,2009,George W. Bush,-274193000000,"-320,931,968,150"
1470,Legislative Branch,2010,Barack Obama,5839000000,"6,724,023,980"
1471,Judicial Branch,2010,Barack Obama,7181000000,"8,269,432,471"
1472,Department of Agriculture,2010,Barack Obama,129459000000,"149,081,250,289"
1473,Department of Commerce,2010,Barack Obama,13236000000,"15,242,195,821"
1474,Department of Defense--Military Programs,2010,Barack Obama,666715000000,"767,769,763,295"
1475,Department of Education,2010,Barack Obama,93743000000,"107,951,734,880"
1476,Department of Energy,2010,Barack Obama,30778000000,"35,443,057,040"
1477,Department of Health and Human Services,2010,Barack Obama,854059000000,"983,509,709,951"
1478,Department of Homeland Security,2010,Barack Obama,44457000000,"51,195,398,884"
1479,Department of Housing and Urban Development,2010,Barack Obama,60141000000,"69,256,640,895"
1480,Department of the Interior,2010,Barack Obama,13164000000,"15,159,282,698"
1481,Department of Justice,2010,Barack Obama,29556000000,"34,035,837,088"
1482,Department of Labor,2010,Barack Obama,173053000000,"199,282,843,265"
1483,Department of State,2010,Barack Obama,23802000000,"27,409,696,656"
1484,Department of Transportation,2010,Barack Obama,77750000000,"89,534,657,382"
1485,Department of the Treasury,2010,Barack Obama,444338000000,"511,686,824,330"
1486,Department of Veterans Affairs,2010,Barack Obama,108274000000,"124,685,215,348"
1487,Corps of Engineers--Civil Works,2010,Barack Obama,9876000000,"11,372,916,737"
1488,Other Defense Civil Programs,2010,Barack Obama,54032000000,"62,221,692,703"
1489,Environmental Protection Agency,2010,Barack Obama,11007000000,"12,675,343,714"
1490,Executive Office of the President,2010,Barack Obama,582000000,"670,214,413"
1491,General Services Administration,2010,Barack Obama,861000000,"991,502,765"
1492,International Assistance Programs,2010,Barack Obama,20041000000,"23,078,637,538"
1493,National Aeronautics and Space Administration,2010,Barack Obama,18906000000,"21,771,604,276"
1494,National Science Foundation,2010,Barack Obama,6719000000,"7,737,406,597"
1495,Office of Personnel Management,2010,Barack Obama,69915000000,"80,512,097,374"
1496,Small Business Administration,2010,Barack Obama,6128000000,"7,056,828,044"
1497,Social Security Administration,2010,Barack Obama,754178000000,"868,489,631,315"
1498,Other Independent Agencies,2010,Barack Obama,-2825000000,"-3,253,188,516"
1499,Undistributed Offsetting Receipts,2010,Barack Obama,-267886000000,"-308,489,790,705"
1500,Legislative Branch,2011,Barack Obama,4582000000,"5,115,041,296"
1501,Judicial Branch,2011,Barack Obama,7293000000,"8,141,422,123"
1502,Department of Agriculture,2011,Barack Obama,139397000000,"155,613,577,365"
1503,Department of Commerce,2011,Barack Obama,9930000000,"11,085,194,253"
1504,Department of Defense--Military Programs,2011,Barack Obama,678074000000,"756,956,899,062"
1505,Department of Education,2011,Barack Obama,65484000000,"73,102,000,044"
1506,Department of Energy,2011,Barack Obama,31371000000,"35,020,506,435"
1507,Department of Health and Human Services,2011,Barack Obama,891247000000,"994,929,116,023"
1508,Department of Homeland Security,2011,Barack Obama,45741000000,"51,062,222,589"
1509,Department of Housing and Urban Development,2011,Barack Obama,57004000000,"63,635,489,746"
1510,Department of the Interior,2011,Barack Obama,13519000000,"15,091,716,123"
1511,Department of Justice,2011,Barack Obama,30519000000,"34,069,390,070"
1512,Department of Labor,2011,Barack Obama,131975000000,"147,328,148,187"
1513,Department of State,2011,Barack Obama,24354000000,"27,187,192,430"
1514,Department of Transportation,2011,Barack Obama,77302000000,"86,294,832,439"
1515,Department of the Treasury,2011,Barack Obama,538707000000,"601,376,811,709"
1516,Department of Veterans Affairs,2011,Barack Obama,126918000000,"141,682,848,354"
1517,Corps of Engineers--Civil Works,2011,Barack Obama,10138000000,"11,317,391,675"
1518,Other Defense Civil Programs,2011,Barack Obama,54775000000,"61,147,181,792"
1519,Environmental Protection Agency,2011,Barack Obama,10772000000,"12,025,147,280"
1520,Executive Office of the President,2011,Barack Obama,484000000,"540,305,541"
1521,General Services Administration,2011,Barack Obama,1889000000,"2,108,754,476"
1522,International Assistance Programs,2011,Barack Obama,20583000000,"22,977,497,815"
1523,National Aeronautics and Space Administration,2011,Barack Obama,17618000000,"19,667,568,212"
1524,National Science Foundation,2011,Barack Obama,7146000000,"7,977,321,060"
1525,Office of Personnel Management,2011,Barack Obama,74090000000,"82,709,168,397"
1526,Small Business Administration,2011,Barack Obama,6163000000,"6,879,964,973"
1527,Social Security Administration,2011,Barack Obama,784194000000,"875,422,237,842"
1528,Other Independent Agencies,2011,Barack Obama,18274000000,"20,399,883,159"
1529,Undistributed Offsetting Receipts,2011,Barack Obama,-276478000000,"-308,641,725,739"
1530,Legislative Branch,2012,Barack Obama,4440000000,"4,856,028,816"
1531,Judicial Branch,2012,Barack Obama,7227000000,"7,904,171,228"
1532,Department of Agriculture,2012,Barack Obama,139717000000,"152,808,508,580"
1533,Department of Commerce,2012,Barack Obama,10267000000,"11,229,019,787"
1534,Department of Defense--Military Programs,2012,Barack Obama,650867000000,"711,853,357,531"
1535,Department of Education,2012,Barack Obama,57249000000,"62,613,241,823"
1536,Department of Energy,2012,Barack Obama,32484000000,"35,527,756,771"
1537,Department of Health and Human Services,2012,Barack Obama,848056000000,"927,519,003,075"
1538,Department of Homeland Security,2012,Barack Obama,47422000000,"51,865,450,116"
1539,Department of Housing and Urban Development,2012,Barack Obama,49600000000,"54,247,529,117"
1540,Department of the Interior,2012,Barack Obama,12891000000,"14,098,889,069"
1541,Department of Justice,2012,Barack Obama,31159000000,"34,078,604,027"
1542,Department of Labor,2012,Barack Obama,104588000000,"114,387,914,824"
1543,Department of State,2012,Barack Obama,26947000000,"29,471,938,853"
1544,Department of Transportation,2012,Barack Obama,75149000000,"82,190,475,113"
1545,Department of the Treasury,2012,Barack Obama,464714000000,"508,257,787,216"
1546,Department of Veterans Affairs,2012,Barack Obama,124124000000,"135,754,441,614"
1547,Corps of Engineers--Civil Works,2012,Barack Obama,7777000000,"8,505,706,329"
1548,Other Defense Civil Programs,2012,Barack Obama,77313000000,"84,557,242,310"
1549,Environmental Protection Agency,2012,Barack Obama,12796000000,"13,994,987,552"
1550,Executive Office of the President,2012,Barack Obama,405000000,"442,948,574"
1551,General Services Administration,2012,Barack Obama,1753000000,"1,917,256,422"
1552,International Assistance Programs,2012,Barack Obama,9627000000,"10,529,051,669"
1553,National Aeronautics and Space Administration,2012,Barack Obama,17190000000,"18,800,706,160"
1554,National Science Foundation,2012,Barack Obama,7255000000,"7,934,794,833"
1555,Office of Personnel Management,2012,Barack Obama,79457000000,"86,902,135,504"
1556,Small Business Administration,2012,Barack Obama,2936000000,"3,211,103,740"
1557,Social Security Administration,2012,Barack Obama,821144000000,"898,085,343,728"
1558,Other Independent Agencies,2012,Barack Obama,32691000000,"35,754,152,709"
1559,Undistributed Offsetting Receipts,2012,Barack Obama,-230682000000,"-252,296,945,800"
1560,Legislative Branch,2013,Barack Obama,4316000000,"4,652,265,491"
1561,Judicial Branch,2013,Barack Obama,7063000000,"7,613,288,036"
1562,Department of Agriculture,2013,Barack Obama,155895000000,"168,040,993,681"
1563,Department of Commerce,2013,Barack Obama,9140000000,"9,852,109,960"
1564,Department of Defense--Military Programs,2013,Barack Obama,607800000000,"655,154,533,240"
1565,Department of Education,2013,Barack Obama,40910000000,"44,097,354,319"
1566,Department of Energy,2013,Barack Obama,24731000000,"26,657,826,195"
1567,Department of Health and Human Services,2013,Barack Obama,886292000000,"955,344,227,664"
1568,Department of Homeland Security,2013,Barack Obama,57216000000,"61,673,777,186"
1569,Department of Housing and Urban Development,2013,Barack Obama,56577000000,"60,984,991,818"
1570,Department of the Interior,2013,Barack Obama,9607000000,"10,355,494,572"
1571,Department of Justice,2013,Barack Obama,29745000000,"32,062,473,826"
1572,Department of Labor,2013,Barack Obama,80307000000,"86,563,828,728"
1573,Department of State,2013,Barack Obama,25972000000,"27,995,514,211"
1574,Department of Transportation,2013,Barack Obama,76322000000,"82,268,351,902"
1575,Department of the Treasury,2013,Barack Obama,399068000000,"430,159,936,280"
1576,Department of Veterans Affairs,2013,Barack Obama,138464000000,"149,251,920,518"
1577,Corps of Engineers--Civil Works,2013,Barack Obama,6299000000,"6,789,763,746"
1578,Other Defense Civil Programs,2013,Barack Obama,56811000000,"61,237,223,080"
1579,Environmental Protection Agency,2013,Barack Obama,9484000000,"10,222,911,473"
1580,Executive Office of the President,2013,Barack Obama,380000000,"409,606,322"
1581,General Services Administration,2013,Barack Obama,-368000000,"-396,671,386"
1582,International Assistance Programs,2013,Barack Obama,19905000000,"21,455,825,903"
1583,National Aeronautics and Space Administration,2013,Barack Obama,16975000000,"18,297,545,577"
1584,National Science Foundation,2013,Barack Obama,7417000000,"7,994,868,662"
1585,Office of Personnel Management,2013,Barack Obama,83867000000,"90,401,193,220"
1586,Small Business Administration,2013,Barack Obama,477000000,"514,163,725"
1587,Social Security Administration,2013,Barack Obama,867391000000,"934,970,624,781"
1588,Other Independent Agencies,2013,Barack Obama,26268000000,"28,314,575,978"
1589,Undistributed Offsetting Receipts,2013,Barack Obama,-249450000000,"-268,884,992,295"
1590,Legislative Branch,2014,Barack Obama,4164000000,"4,416,774,584"
1591,Judicial Branch,2014,Barack Obama,6893000000,"7,311,437,851"
1592,Department of Agriculture,2014,Barack Obama,141808000000,"150,416,419,370"
1593,Department of Commerce,2014,Barack Obama,7895000000,"8,374,264,011"
1594,Department of Defense--Military Programs,2014,Barack Obama,577898000000,"612,979,154,358"
1595,Department of Education,2014,Barack Obama,59610000000,"63,228,610,224"
1596,Department of Energy,2014,Barack Obama,23638000000,"25,072,938,911"
1597,Department of Health and Human Services,2014,Barack Obama,936012000000,"992,832,375,659"
1598,Department of Homeland Security,2014,Barack Obama,43263000000,"45,889,269,655"
1599,Department of Housing and Urban Development,2014,Barack Obama,38527000000,"40,865,771,953"
1600,Department of the Interior,2014,Barack Obama,11279000000,"11,963,688,890"
1601,Department of Justice,2014,Barack Obama,28620000000,"30,357,369,982"
1602,Department of Labor,2014,Barack Obama,56774000000,"60,220,451,549"
1603,Department of State,2014,Barack Obama,27481000000,"29,149,227,270"
1604,Department of Transportation,2014,Barack Obama,76174000000,"80,798,123,724"
1605,Department of the Treasury,2014,Barack Obama,446897000000,"474,025,771,235"
1606,Department of Veterans Affairs,2014,Barack Obama,149074000000,"158,123,500,093"
1607,Corps of Engineers--Civil Works,2014,Barack Obama,6535000000,"6,931,705,550"
1608,Other Defense Civil Programs,2014,Barack Obama,57370000000,"60,852,631,581"
1609,Environmental Protection Agency,2014,Barack Obama,9399000000,"9,969,563,957"
1610,Executive Office of the President,2014,Barack Obama,375000000,"397,764,282"
1611,General Services Administration,2014,Barack Obama,-767000000,"-813,560,544"
1612,International Assistance Programs,2014,Barack Obama,18935000000,"20,084,444,466"
1613,National Aeronautics and Space Administration,2014,Barack Obama,17095000000,"18,132,747,723"
1614,National Science Foundation,2014,Barack Obama,7053000000,"7,481,150,611"
1615,Office of Personnel Management,2014,Barack Obama,87917000000,"93,253,979,619"
1616,Small Business Administration,2014,Barack Obama,194000000,"205,776,722"
1617,Social Security Administration,2014,Barack Obama,905771000000,"960,755,603,275"
1618,Other Independent Agencies,2014,Barack Obama,6558000000,"6,956,101,759"
1619,Undistributed Offsetting Receipts,2014,Barack Obama,-246158000000,"-261,100,960,167"
1620,Legislative Branch,2015,Barack Obama,4321000000,"4,577,871,406"
1621,Judicial Branch,2015,Barack Obama,7137000000,"7,561,274,757"
1622,Department of Agriculture,2015,Barack Obama,139115000000,"147,384,998,987"
1623,Department of Commerce,2015,Barack Obama,8956000000,"9,488,409,236"
1624,Department of Defense--Military Programs,2015,Barack Obama,562499000000,"595,937,997,667"
1625,Department of Education,2015,Barack Obama,90029000000,"95,380,973,107"
1626,Department of Energy,2015,Barack Obama,25424000000,"26,935,385,934"
1627,Department of Health and Human Services,2015,Barack Obama,1027515000000,"1,088,597,902,703"
1628,Department of Homeland Security,2015,Barack Obama,42572000000,"45,102,786,737"
1629,Department of Housing and Urban Development,2015,Barack Obama,35527000000,"37,638,981,124"
1630,Department of the Interior,2015,Barack Obama,12340000000,"13,073,578,604"
1631,Department of Justice,2015,Barack Obama,26906000000,"28,505,486,703"
1632,Department of Labor,2015,Barack Obama,45217000000,"47,905,024,614"
1633,Department of State,2015,Barack Obama,26498000000,"28,073,232,241"
1634,Department of Transportation,2015,Barack Obama,75425000000,"79,908,806,014"
1635,Department of the Treasury,2015,Barack Obama,485623000000,"514,491,933,747"
1636,Department of Veterans Affairs,2015,Barack Obama,159216000000,"168,680,947,409"
1637,Corps of Engineers--Civil Works,2015,Barack Obama,6685000000,"7,082,404,617"
1638,Other Defense Civil Programs,2015,Barack Obama,62966000000,"66,709,153,192"
1639,Environmental Protection Agency,2015,Barack Obama,7007000000,"7,423,546,619"
1640,Executive Office of the President,2015,Barack Obama,397000000,"420,600,543"
1641,General Services Administration,2015,Barack Obama,-890000000,"-942,908,019"
1642,International Assistance Programs,2015,Barack Obama,24414000000,"25,865,344,250"
1643,National Aeronautics and Space Administration,2015,Barack Obama,18268000000,"19,353,981,681"
1644,National Science Foundation,2015,Barack Obama,6837000000,"7,243,440,593"
1645,Office of Personnel Management,2015,Barack Obama,91734000000,"97,187,330,605"
1646,Small Business Administration,2015,Barack Obama,-746000000,"-790,347,621"
1647,Social Security Administration,2015,Barack Obama,944122000000,"1,000,247,421,299"
1648,Other Independent Agencies,2015,Barack Obama,14327000000,"15,178,700,216"
1649,Undistributed Offsetting Receipts,2015,Barack Obama,-257594000000,"-272,907,245,295"
1650,Legislative Branch,2016,Barack Obama,4347000000,"4,548,042,886"
1651,Judicial Branch,2016,Barack Obama,7499000000,"7,845,818,634"
1652,Department of Agriculture,2016,Barack Obama,138161000000,"144,550,759,882"
1653,Department of Commerce,2016,Barack Obama,9165000000,"9,588,868,887"
1654,Department of Defense--Military Programs,2016,Barack Obama,565370000000,"591,517,599,862"
1655,Department of Education,2016,Barack Obama,76978000000,"80,538,128,663"
1656,Department of Energy,2016,Barack Obama,25860000000,"27,055,990,117"
1657,Department of Health and Human Services,2016,Barack Obama,1102965000000,"1,153,975,643,440"
1658,Department of Homeland Security,2016,Barack Obama,45196000000,"47,286,254,034"
1659,Department of Housing and Urban Development,2016,Barack Obama,26388000000,"27,608,409,405"
1660,Department of the Interior,2016,Barack Obama,12583000000,"13,164,946,777"
1661,Department of Justice,2016,Barack Obama,29523000000,"30,888,398,926"
1662,Department of Labor,2016,Barack Obama,41364000000,"43,277,029,203"
1663,Department of State,2016,Barack Obama,29449000000,"30,810,976,526"
1664,Department of Transportation,2016,Barack Obama,78423000000,"82,049,957,964"
1665,Department of the Treasury,2016,Barack Obama,526116000000,"550,448,155,312"
1666,Department of Veterans Affairs,2016,Barack Obama,174019000000,"182,067,144,012"
1667,Corps of Engineers--Civil Works,2016,Barack Obama,6388000000,"6,683,436,383"
1668,Other Defense Civil Programs,2016,Barack Obama,64508000000,"67,491,407,984"
1669,Environmental Protection Agency,2016,Barack Obama,8725000000,"9,128,519,481"
1670,Executive Office of the President,2016,Barack Obama,397000000,"415,360,714"
1671,General Services Administration,2016,Barack Obama,-735000000,"-768,992,759"
1672,International Assistance Programs,2016,Barack Obama,16240000000,"16,991,078,094"
1673,National Aeronautics and Space Administration,2016,Barack Obama,18828000000,"19,698,769,603"
1674,National Science Foundation,2016,Barack Obama,6902000000,"7,221,208,190"
1675,Office of Personnel Management,2016,Barack Obama,91318000000,"95,541,334,319"
1676,Small Business Administration,2016,Barack Obama,-445000000,"-465,580,650"
1677,Social Security Administration,2016,Barack Obama,976785000000,"1,021,959,988,646"
1678,Other Independent Agencies,2016,Barack Obama,11657000000,"12,196,120,526"
1679,Undistributed Offsetting Receipts,2016,Barack Obama,-241362000000,"-252,524,666,922"
1680,Legislative Branch,2017,Barack Obama,4499000000,"4,608,887,047"
1681,Judicial Branch,2017,Barack Obama,7569000000,"7,753,871,096"
1682,Department of Agriculture,2017,Barack Obama,127558000000,"130,673,575,008"
1683,Department of Commerce,2017,Barack Obama,10310000000,"10,561,819,395"
1684,Department of Defense--Military Programs,2017,Barack Obama,568896000000,"582,791,154,830"
1685,Department of Education,2017,Barack Obama,111702000000,"114,430,295,831"
1686,Department of Energy,2017,Barack Obama,25800000000,"26,430,159,106"
1687,Department of Health and Human Services,2017,Barack Obama,1116779000000,"1,144,056,071,936"
1688,Department of Homeland Security,2017,Barack Obama,50499000000,"51,732,426,538"
1689,Department of Housing and Urban Development,2017,Barack Obama,55630000000,"56,988,750,041"
1690,Department of the Interior,2017,Barack Obama,12154000000,"12,450,858,673"
1691,Department of Justice,2017,Barack Obama,30979000000,"31,735,654,998"
1692,Department of Labor,2017,Barack Obama,40124000000,"41,104,019,533"
1693,Department of State,2017,Barack Obama,27070000000,"27,731,178,566"
1694,Department of Transportation,2017,Barack Obama,79439000000,"81,379,279,426"
1695,Department of the Treasury,2017,Barack Obama,546397000000,"559,742,621,895"
1696,Department of Veterans Affairs,2017,Barack Obama,176050000000,"180,349,981,030"
1697,Corps of Engineers--Civil Works,2017,Barack Obama,6453000000,"6,610,613,051"
1698,Other Defense Civil Programs,2017,Barack Obama,58696000000,"60,129,636,390"
1699,Environmental Protection Agency,2017,Barack Obama,8090000000,"8,287,596,402"
1700,Executive Office of the President,2017,Barack Obama,411000000,"421,038,581"
1701,General Services Administration,2017,Barack Obama,-661000000,"-677,144,774"
1702,International Assistance Programs,2017,Barack Obama,18919000000,"19,381,092,253"
1703,National Aeronautics and Space Administration,2017,Barack Obama,18699000000,"19,155,718,803"
1704,National Science Foundation,2017,Barack Obama,7215000000,"7,391,224,727"
1705,Office of Personnel Management,2017,Barack Obama,95461000000,"97,792,613,116"
1706,Small Business Administration,2017,Barack Obama,438000000,"448,698,050"
1707,Social Security Administration,2017,Barack Obama,1000813000000,"1,025,257,628,880"
1708,Other Independent Agencies,2017,Barack Obama,12519000000,"12,824,773,715"
1709,Undistributed Offsetting Receipts,2017,Barack Obama,-236880000000,"-242,665,739,883"
1710,Legislative Branch,2018,Donald Trump,4675000000,"4,675,000,000"
1711,Judicial Branch,2018,Donald Trump,7778000000,"7,778,000,000"
1712,Department of Agriculture,2018,Donald Trump,136714000000,"136,714,000,000"
1713,Department of Commerce,2018,Donald Trump,8565000000,"8,565,000,000"
1714,Department of Defense--Military Programs,2018,Donald Trump,600714000000,"600,714,000,000"
1715,Department of Education,2018,Donald Trump,63709000000,"63,709,000,000"
1716,Department of Energy,2018,Donald Trump,26482000000,"26,482,000,000"
1717,Department of Health and Human Services,2018,Donald Trump,1120506000000,"1,120,506,000,000"
1718,Department of Homeland Security,2018,Donald Trump,68374000000,"68,374,000,000"
1719,Department of Housing and Urban Development,2018,Donald Trump,54667000000,"54,667,000,000"
1720,Department of the Interior,2018,Donald Trump,13212000000,"13,212,000,000"
1721,Department of Justice,2018,Donald Trump,34526000000,"34,526,000,000"
1722,Department of Labor,2018,Donald Trump,39635000000,"39,635,000,000"
1723,Department of State,2018,Donald Trump,26391000000,"26,391,000,000"
1724,Department of Transportation,2018,Donald Trump,78494000000,"78,494,000,000"
1725,Department of the Treasury,2018,Donald Trump,629472000000,"629,472,000,000"
1726,Department of Veterans Affairs,2018,Donald Trump,178513000000,"178,513,000,000"
1727,Corps of Engineers--Civil Works,2018,Donald Trump,5082000000,"5,082,000,000"
1728,Other Defense Civil Programs,2018,Donald Trump,55367000000,"55,367,000,000"
1729,Environmental Protection Agency,2018,Donald Trump,8082000000,"8,082,000,000"
1730,Executive Office of the President,2018,Donald Trump,379000000,"379,000,000"
1731,General Services Administration,2018,Donald Trump,-590000000,"-590,000,000"
1732,International Assistance Programs,2018,Donald Trump,21625000000,"21,625,000,000"
1733,National Aeronautics and Space Administration,2018,Donald Trump,19754000000,"19,754,000,000"
1734,National Science Foundation,2018,Donald Trump,7167000000,"7,167,000,000"
1735,Office of Personnel Management,2018,Donald Trump,98804000000,"98,804,000,000"
1736,Small Business Administration,2018,Donald Trump,49000000,"49,000,000"
1737,Social Security Administration,2018,Donald Trump,1039902000000,"1,039,902,000,000"
1738,Other Independent Agencies,2018,Donald Trump,9014000000,"9,014,000,000"
1739,Undistributed Offsetting Receipts,2018,Donald Trump,-248020000000,"-248,020,000,000"